author_match_score,case_id,cited_authors,cited_title,cited_year,claim_id,claim_text,color_label,doi,evidence_id,exists_status,field,matched_evidence_text,metadata_match_status,reason,retrieval_source,support_score,support_status,title_similarity,url,verification_method,year_match
1.0,ai_transformer_attention,Robin Stern,Columbine’s Challenge: A Call to Pay Attention to Our Students,1999,C001,"Prior work reports that Presents a call to action to all adults who impact the lives of students to make the time to pay attention to students, encourage their strengths, promote their learning, and model considerate and pro-social behavior—to notice them and talk to them.",Green,10.58680/vm19992276,E038,exists,NLP / AI,"Presents a call to action to all adults who impact the lives of students to make the time to pay attention to students, encourage their strengths, promote their learning, and model considerate and pro-social behavior—to notice them and talk to them.",match,"Metadata matches public record (title similarity 1.00). Abstract/snippet overlaps with claim terms: action, adults, all, attention, behavior, call, considerate, encourage.",crossref,0.885,supports,1.0,https://doi.org/10.58680/vm19992276,crossref_doi,True
0.0,ai_transformer_attention,Ali Hassani; Humphrey Shi,Dilated Neighborhood Attention Transformer,2022,C002,"Prior work reports that Transformers are quickly becoming one of the most heavily applied deep learning architectures across modalities, domains, and tasks.",Red,10.1117/1.jei.33.2.023003,E039,exists,NLP / AI,"Transformers are quickly becoming one of the most heavily applied deep learning architectures across modalities, domains, and tasks.",mismatch,"Year mismatch: cited 2022, public record 2024. Abstract/snippet overlaps with claim terms: applied, architectures, becoming, deep, domains, heavily, learning, modalities.",arxiv,0.8,supports,0.743,https://doi.org/10.1117/1.jei.33.2.023003,crossref_title,False
1.0,ai_transformer_attention,Laith Alzubaidi; Jinglan Zhang; Amjad J. Humaidi; Ayad Q. Al-Dujaili; Ye Duan; Omran Al-Shamma; José Santamaría; Mohammed A. Fadhel; Muthana Al‐Amidie; Laith Farhan,"Review of deep learning: concepts, CNN architectures, challenges, applications, future directions",2021,C003,"Prior work reports that In the last few years, the deep learning (DL) computing paradigm has been deemed the Gold Standard in the machine learning (ML) community.",Green,10.1186/s40537-021-00444-8,E040,exists,NLP / AI,"Abstract In the last few years, the deep learning (DL) computing paradigm has been deemed the Gold Standard in the machine learning (ML) community.",match,"Metadata matches public record (title similarity 1.00). Abstract/snippet overlaps with claim terms: been, community, computing, deemed, deep, few, gold, has.",openalex,0.824,supports,1.0,https://doi.org/10.1186/s40537-021-00444-8,crossref_doi,True
1.0,ai_transformer_attention,William Thomas Ball,Limitations in our knowledge of the Sun’s variability and impact on stratospheric ozone,2016,C004,Prior work reports that Changes in the Sun over the 11-year solar cycle modify the amount of ozone in the atmosphere over the tropics above 20 km.,Green,10.37207/cra.1.1,E041,exists,NLP / AI,Changes in the Sun over the 11-year solar cycle modify the amount of ozone in the atmosphere over the tropics above 20 km.,match,"Metadata matches public record (title similarity 1.00). Abstract/snippet overlaps with claim terms: amount, atmosphere, changes, cycle, modify, over, ozone, solar.",crossref,0.786,supports,1.0,https://doi.org/10.37207/cra.1.1,crossref_doi,True
1.0,ai_transformer_attention,Michael Gusenbauer; Neal Haddaway,"Which academic search systems are suitable for systematic reviews or meta‐analyses? Evaluating retrieval qualities of Google Scholar, PubMed, and 26 other resources",2019,C005,"Prior work reports that Rigorous evidence identification is essential for systematic reviews and meta-analyses (evidence syntheses) because the sample selection of relevant studies determines a review's outcome, validity, and explanatory power.",Red,10.1002/jrsm.1378,E042,exists,NLP / AI,"Rigorous evidence identification is essential for systematic reviews and meta‐analyses (evidence syntheses) because the sample selection of relevant studies determines a review's outcome, validity, and explanatory power.",mismatch,"Year mismatch: cited 2019, public record 2020. Abstract/snippet overlaps with claim terms: determines, essential, evidence, explanatory, identification, outcome, power, relevant.",openalex,0.81,supports,1.0,https://doi.org/10.1002/jrsm.1378,crossref_doi,False
0.0,ai_transformer_attention,Gorkem Can Ates; Prasoon Mohan; Emrah Celik,Dual Cross-Attention for Medical Image Segmentation,2023,C006,"Prior work reports that We propose Dual Cross-Attention (DCA), a simple yet effective attention module that is able to enhance skip-connections in U-Net-based architectures for medical image segmentation.",Red,10.1016/j.patrec.2025.08.018,E043,exists,NLP / AI,"We propose Dual Cross-Attention (DCA), a simple yet effective attention module that is able to enhance skip-connections in U-Net-based architectures for medical image segmentation.",mismatch,"Year mismatch: cited 2023, public record 2025. Abstract/snippet overlaps with claim terms: able, architectures, attention, cross-attention, dca, dual, effective, enhance.",arxiv,0.85,supports,0.767,https://doi.org/10.1016/j.patrec.2025.08.018,crossref_title,False
0.6,ai_rag_knowledge_nlp,"Yuan Chiang; Hsieh, Elvis; Chia-Hong Chou; Janosh Riebesell",LLaMP: Large Language Model Made Powerful for High-fidelity Materials Knowledge Retrieval and Distillation,2024,C001,"Prior work reports that Reducing hallucination of Large Language Models (LLMs) is imperative for use in the sciences, where reliability and reproducibility are crucial.",Red,10.18653/v1/2025.emnlp-main.1280,E029,exists,NLP / RAG,"Reducing hallucination of Large Language Models (LLMs) is imperative for use in the sciences, where reliability and reproducibility are crucial.",mismatch,"DOI resolves to a different record. Abstract/snippet overlaps with claim terms: crucial, hallucination, imperative, language, llms, reducing, reliability, reproducibility.",openalex,0.769,supports,0.912,https://doi.org/10.18653/v1/2025.emnlp-main.1280,crossref_title,False
0.0,ai_rag_knowledge_nlp,Patrick Lewis; Ethan Perez; Aleksandra Piktus; Fabio Petroni; Vladimir Karpukhin; Naman Goyal; Heinrich Küttler; Mike Lewis; Wen-tau Yih; Tim Rocktäschel; Sebastian Riedel; Douwe Kiela,Retrieval-Augmented Generation for Knowledge-Intensive NLP Tasks,2020,C002,"Prior work reports that Large pre-trained language models have been shown to store factual knowledge in their parameters, and achieve state-of-the-art results when fine-tuned on downstream NLP tasks.",Red,10.18653/v1/2026.findings-eacl.35,E030,exists,NLP / RAG,"Large pre-trained language models have been shown to store factual knowledge in their parameters, and achieve state-of-the-art results when fine-tuned on downstream NLP tasks.",mismatch,"Year mismatch: cited 2020, public record 2026. Abstract/snippet overlaps with claim terms: achieve, been, downstream, factual, fine-tuned, knowledge, language, nlp.",openalex,0.824,supports,0.787,https://doi.org/10.18653/v1/2026.findings-eacl.35,crossref_title,False
1.0,ai_rag_knowledge_nlp,Zhenyi Zhu,A Simple Survey of Pre-trained Language Models,2022,C003,Prior work reports that Pre-trained Language Models (PTLM) have remarkable and successful performance in solving lots of NLP tasks nowadays.,Green,10.20944/preprints202208.0238.v1,E031,exists,NLP / RAG,Pre-trained Language Models (PTLM) have remarkable and successful performance in solving lots of NLP tasks nowadays.,match,"Metadata matches public record (title similarity 1.00). Abstract/snippet overlaps with claim terms: language, lots, nlp, nowadays, performance, pre-trained, ptlm, remarkable.",crossref,0.786,supports,1.0,https://doi.org/10.20944/preprints202208.0238.v1,crossref_doi,True
1.0,ai_rag_knowledge_nlp,Ash Sze; Soha Hassoun,Evaluation of search-enabled Pre-trained Large Language Models on retrieval tasks for the PubChem Database,2024,C004,"Prior work reports that ABSTRACT Databases are indispensable in biological and biomedical research, hosting vast amounts of structured and unstructured data, facilitating the organization, retrieval, and analysis of complex data.",Green,10.1101/2024.08.15.608120,E032,exists,NLP / RAG,"ABSTRACT Databases are indispensable in biological and biomedical research, hosting vast amounts of structured and unstructured data, facilitating the organization, retrieval, and analysis of complex data.",match,"Metadata matches public record (title similarity 1.00). Abstract/snippet overlaps with claim terms: abstract, amounts, biological, biomedical, complex, databases, facilitating, hosting.",crossref,0.824,supports,1.0,https://doi.org/10.1101/2024.08.15.608120,crossref_doi,True
1.0,ai_rag_knowledge_nlp,Jiachang Liu; Dinghan Shen; Yizhe Zhang; Bill Dolan; Lawrence Carin; Weizhu Chen,What Makes Good In-Context Examples for GPT-$3$?,2021,C005,"Prior work reports that GPT-$3$ has attracted lots of attention due to its superior performance across a wide range of NLP tasks, especially with its powerful and versatile in-context few-shot learning ability.",Red,10.18653/v1/2022.deelio-1.10,E033,exists,NLP / RAG,"GPT-$3$ has attracted lots of attention due to its superior performance across a wide range of NLP tasks, especially with its powerful and versatile in-context few-shot learning ability.",mismatch,"DOI resolves to a different record. Abstract/snippet overlaps with claim terms: ability, attention, attracted, due, especially, few-shot, gpt, has.",openalex,0.913,supports,1.0,https://doi.org/10.18653/v1/2022.deelio-1.10,crossref_title,False
1.0,ai_rag_knowledge_nlp,Nurshat Fateh Ali; Md. Mahdi Mohtasim; Shakil Mosharrof; T. Gopi Krishna,Automated Literature Review Using NLP Techniques and LLM-Based Retrieval-Augmented Generation,2024,C006,Prior work reports that This research presents and compares multiple approaches to automate the generation of literature reviews using several Natural Language Processing (NLP) techniques and retrieval-augmented generation (RAG) with a Large Language Model (LLM).,Green,10.1109/iciset62123.2024.10939517,E034,exists,NLP / RAG,This research presents and compares multiple approaches to automate the generation of literature reviews using several Natural Language Processing (NLP) techniques and retrieval-augmented generation (RAG) with a Large Language Model (LLM).,match,"Metadata matches public record (title similarity 1.00). Abstract/snippet overlaps with claim terms: approaches, automate, compares, generation, language, literature, llm, multiple.",arxiv,0.9,supports,1.0,https://doi.org/10.1109/iciset62123.2024.10939517,crossref_title,True
1.0,medical_chexnet,Himanshu Bairwa; Rinku `Jangid,Pneumonia Detection from Chest X-rays Using the CheXNet Deep Learning Algorithm,2024,C001,Prior work reports that - Early and accurate detection of pneumonia from chest X-ray images is crucial for timely treatment and patient care.,Green,10.20944/preprints202407.0104.v1,E026,exists,Medical AI,- Early and accurate detection of pneumonia from chest X-ray images is crucial for timely treatment and patient care.,match,"Metadata matches public record (title similarity 1.00). Abstract/snippet overlaps with claim terms: accurate, care, chest, crucial, detection, early, images, patient.",crossref,0.8,supports,1.0,https://doi.org/10.20944/preprints202407.0104.v1,crossref_doi,True
0.0,medical_chexnet,Pranav Rajpurkar; Jeremy Irvin; Kaylie Zhu; Brandon Yang; Hershel Mehta; Tony Duan; Daisy Yi Ding; Aarti Bagul; Curtis P. Langlotz; Katie Shpanskaya; Matthew P. Lungren; Andrew Y. Ng,CheXNet: Radiologist-Level Pneumonia Detection on Chest X-Rays with Deep\n Learning,2017,C002,Prior work reports that We develop an algorithm that can detect pneumonia from chest X-rays at a\nlevel exceeding practicing radiologists.,Red,10.20944/preprints202407.0104.v1,E027,exists,Medical AI,"In study presents a robust computational framework leveraging the CheXnet algorithm, a deep learning model, to identify pneumonia from chest X-rays.",mismatch,"DOI resolves to a different record. Abstract/snippet overlaps with claim terms: algorithm, chest, pneumonia, radiologists, x-rays.",openalex,0.385,supports,0.646,https://doi.org/10.20944/preprints202407.0104.v1,crossref_title,False
0.0,medical_chexnet,Pranav Rajpurkar; Jeremy Irvin; Kaylie Zhu; Brandon Yang; Hershel Mehta; Tony Duan; Daisy Ding; Aarti Bagul; Curtis Langlotz; Katie Shpanskaya; Matthew P. Lungren; Andrew Y. Ng,CheXNet: Radiologist-Level Pneumonia Detection on Chest X-Rays with Deep Learning,2017,C003,Prior work reports that We develop an algorithm that can detect pneumonia from chest X-rays at a level exceeding practicing radiologists.,Red,10.20944/preprints202407.0104.v1,E028,exists,Medical AI,"In study presents a robust computational framework leveraging the CheXnet algorithm, a deep learning model, to identify pneumonia from chest X-rays.",mismatch,"Year mismatch: cited 2017, public record 2024. Abstract/snippet overlaps with claim terms: algorithm, chest, pneumonia, radiologists, x-rays.",arxiv,0.385,supports,0.654,https://doi.org/10.20944/preprints202407.0104.v1,crossref_title,False
1.0,medical_chexnet,Mohammadreza Chavoshi; Sara Zamani; S. A. Mirshahvalad,Diagnostic performance of deep learning models versus radiologists in COVID-19 pneumonia: A systematic review and meta-analysis.,2024,C004,"Prior work reports that PURPOSE Although several studies have compared the performance of deep learning (DL) models and radiologists for the diagnosis of COVID-19 pneumonia on CT of the chest, these results have not been collectively evaluated.",Green,10.1016/j.clinimag.2024.110092,E029,exists,Medical AI,"PURPOSE Although several studies have compared the performance of deep learning (DL) models and radiologists for the diagnosis of COVID-19 pneumonia on CT of the chest, these results have not been collectively evaluated.",match,"Metadata matches public record (title similarity 1.00). Abstract/snippet overlaps with claim terms: although, been, chest, collectively, compared, covid-19, deep, diagnosis.",semantic_scholar,0.85,supports,1.0,https://doi.org/10.1016/j.clinimag.2024.110092,crossref_doi,True
1.0,medical_chexnet,CHITHRA V S; S Niraj; Varun Madhavan,ChronoXFormer: A Reproducible Longitudinal Vison Transformer Method for Pneumonia Progression from Chest X-rays,2026,C005,"Prior work reports that This paper presents ChronoXFormer, a novel computer-aided diagnostic (CAD) framework designed to model pneumonia progression using longitudinal chest X-ray image sequences.",Green,10.2139/ssrn.6271058,E030,exists,Medical AI,"This paper presents ChronoXFormer, a novel computer-aided diagnostic (CAD) framework designed to model pneumonia progression using longitudinal chest X-ray image sequences.",match,"Metadata matches public record (title similarity 1.00). Abstract/snippet overlaps with claim terms: cad, chest, chronoxformer, computer-aided, designed, diagnostic, framework, image.",crossref,0.889,supports,1.0,https://doi.org/10.2139/ssrn.6271058,crossref_doi,True
1.0,medical_chexnet,Kiran Shahi; Anup Bagale,Weakly Supervised Pneumonia Localization from Chest X-Rays Using Deep Neural Network and Grad-CAM Explanations,2025,C006,"Prior work reports that Chest X-ray imaging is commonly used to diagnose pneumonia, but accurately localizing the pneumonia-affected regions typically requires detailed pixel-level annotations, which are costly and time consuming to obtain.",Green,10.54364/jaiai.2024.1126,E031,exists,Medical AI,"Chest X-ray imaging is commonly used to diagnose pneumonia, but accurately localizing the pneumonia affected regions typically requires detailed pixel-level annotations, which are costly and time consuming to obtain.",match,"Metadata matches public record (title similarity 1.00). Abstract/snippet overlaps with claim terms: accurately, annotations, chest, commonly, consuming, costly, detailed, diagnose.",arxiv,0.87,supports,1.0,https://doi.org/10.54364/jaiai.2024.1126,crossref_title,True
0.167,finance_finrl,Xiao-Yang Liu; Hongyang Yang; Qian Chen; Runjia Zhang; Liuqing Yang; Bowen Xiao; Christina Dan Wang,FinRL: A Deep Reinforcement Learning Library for Automated Stock Trading in Quantitative Finance,2020,C001,"Prior work reports that As deep reinforcement learning (DRL) has been recognized as an effective approach in quantitative finance, getting hands-on experiences is attractive to beginners.",Red,10.2139/ssrn.3737257,E025,exists,Quantitative Finance,"As deep reinforcement learning (DRL) has been recognized as an effective approach in quantitative finance, getting hands-on experiences is attractive to beginners.",mismatch,"DOI resolves to a different record. Abstract/snippet overlaps with claim terms: approach, attractive, been, beginners, deep, drl, effective, experiences.",openalex,0.842,supports,1.0,https://doi.org/10.2139/ssrn.3737257,crossref_title,True
1.0,finance_finrl,Xiao-Yang Liu,FinRL: A Deep Reinforcement Learning Library for Automated Stock Trading in Quantitative Finance,2020,C002,Prior work reports that the paper titled 'FinRL: A Deep Reinforcement Learning Library for Automated Stock Trading in Quantitative Finance' is relevant to the retrieved topic.,Yellow,10.2139/ssrn.3737257,E026,exists,Quantitative Finance,FinRL: A Deep Reinforcement Learning Library for Automated Stock Trading in Quantitative Finance,match,"Metadata matches public record (title similarity 1.00). The citation exists, but no sufficiently detailed abstract/snippet is available for concrete support.",crossref,0.909,partial_or_uncertain,1.0,https://doi.org/10.2139/ssrn.3737257,crossref_doi,True
1.0,finance_finrl,Xiao-Yang Liu; Hongyang Yang; Qian Chen; Runjia Zhang; Liuqing Yang; Bowen Xiao; Christina Wang,FinRL: A Deep Reinforcement Learning Library for Automated Stock Trading in Quantitative Finance,2025,C003,Prior work reports that the paper titled 'FinRL: A Deep Reinforcement Learning Library for Automated Stock Trading in Quantitative Finance' is relevant to the retrieved topic.,Yellow,10.2139/ssrn.3737859,E027,exists,Quantitative Finance,FinRL: A Deep Reinforcement Learning Library for Automated Stock Trading in Quantitative Finance,match,"Metadata matches public record (title similarity 1.00). The citation exists, but no sufficiently detailed abstract/snippet is available for concrete support.",crossref,0.909,partial_or_uncertain,1.0,https://doi.org/10.2139/ssrn.3737859,crossref_doi,True
0.167,finance_finrl,Xiao-Yang Liu; Hongyang Yang; Qian Chen; Runjia Zhang; Liuqing Yang; Bowen Xiao; Christina Dan Wang,FinRL: A Deep Reinforcement Learning Library for Automated Stock Trading in Quantitative Finance,2020,C004,"Prior work reports that As deep reinforcement learning (DRL) has been recognized as an effective approach in quantitative finance, getting hands-on experiences is attractive to beginners.",Green,10.2139/ssrn.3737257,E028,exists,Quantitative Finance,"As deep reinforcement learning (DRL) has been recognized as an effective approach in quantitative finance, getting hands-on experiences is attractive to beginners.",match,"Metadata matches public record (title similarity 1.00). Abstract/snippet overlaps with claim terms: approach, attractive, been, beginners, deep, drl, effective, experiences.",arxiv,0.842,supports,1.0,https://doi.org/10.2139/ssrn.3737257,crossref_title,True
1.0,finance_finrl,Xiao-Yang Liu; Hongyang Yang; Jiechao Gao; Christina Dan Wang,FinRL: Deep Reinforcement Learning Framework to Automate Trading in Quantitative Finance,2021,C005,Prior work reports that Deep reinforcement learning (DRL) has been envisioned to have a competitive edge in quantitative finance.,Green,10.2139/ssrn.3955949,E029,exists,Quantitative Finance,Deep reinforcement learning (DRL) has been envisioned to have a competitive edge in quantitative finance.,match,"Metadata matches public record (title similarity 1.00). Abstract/snippet overlaps with claim terms: been, competitive, deep, drl, edge, envisioned, finance, has.",arxiv,0.786,supports,1.0,https://doi.org/10.2139/ssrn.3955949,crossref_title,True
1.0,finance_finrl,Santosh Kumar Sahu; Anil Mokhade; Neeraj Dhanraj Bokde,"An Overview of Machine Learning, Deep Learning, and Reinforcement Learning-Based Techniques in Quantitative Finance: Recent Progress and Challenges",2023,C006,"Prior work reports that Forecasting the behavior of the stock market is a classic but difficult topic, one that has attracted the interest of both economists and computer scientists.",Green,10.3390/app13031956,E030,exists,Quantitative Finance,"Forecasting the behavior of the stock market is a classic but difficult topic, one that has attracted the interest of both economists and computer scientists.",match,"Metadata matches public record (title similarity 1.00). Abstract/snippet overlaps with claim terms: attracted, behavior, both, classic, computer, difficult, economists, forecasting.",openalex,0.833,supports,1.0,https://doi.org/10.3390/app13031956,crossref_doi,True
1.0,physics_gravitational_waves,B. P. Abbott,Observation of Gravitational Waves from a Binary Black Hole Merger,2017,C001,"Prior work reports that Albert Einstein's general theory of relativity, first published a century ago, was described by physicist Max Born as ""the greatest feat of human thinking about nature.""We report on two major scientific breakthroughs involving key predictions of Einstein's theory: the first direct detection of gravitational waves and the first observation of the collision and merger of a pair of black holes.",Green,10.1142/9789814699662_0011,E038,exists,Physics,"Albert Einstein's general theory of relativity, first published a century ago, was described by physicist Max Born as ""the greatest feat of human thinking about nature.""We report on two major scientific breakthroughs involving key predictions of Einstein's theory: the first direct detection of gravitational waves and the first observation of the collision and merger of a pair of black holes.",match,"Metadata matches public record (title similarity 1.00). Abstract/snippet overlaps with claim terms: ago, albert, black, born, breakthroughs, century, collision, described.",crossref,0.923,supports,1.0,https://doi.org/10.1142/9789814699662_0011,crossref_doi,True
0.714,physics_gravitational_waves,Duncan A. Brown; K. Vahi; M. Taufer; Von Welch; E. Deelman; Lorena A. Barba; George K. Thiruvathukal,Reproducing GW150914: The First Observation of Gravitational Waves From a Binary Black Hole Merger,2020,C002,"Prior work reports that In 2016, LIGO and Virgo announced the first observation of gravitational waves from a binary black hole merger, known as GW150914.",Red,10.1109/mcse.2021.3059232,E039,exists,Physics,"In 2016, LIGO and Virgo announced the first observation of gravitational waves from a binary black hole merger, known as GW150914.",mismatch,"Year mismatch: cited 2020, public record 2021. Abstract/snippet overlaps with claim terms: announced, binary, black, first, gravitational, gw150914, hole, known.",semantic_scholar,0.875,supports,1.0,https://doi.org/10.1109/mcse.2021.3059232,crossref_doi,False
0.096,physics_gravitational_waves,B. P. Abbott; R. Abbott; T. D. Abbott; M. R. Abernathy; F. Acernese; K. Ackley; C. Adams; T. Adams; P. Addesso; R. X. Adhikari; V. B. Adya; C. Affeldt; M. Agathos; K. Agatsuma; N. Aggarwal; O. D. Aguiar; L. Aiello; A. Ain; P. Ajith; B. Allen; A. Allocca; P. A. Altin; S. B. Anderson; W. G. Anderson; K. Arai; M. A. Arain; M. C. Araya; C. C. Arceneaux; J. S. Areeda; N. Arnaud; K. G. Arun; S. Ascenzi; G. Ashton; M. Ast; S. M. Aston; P. Astone; P. Aufmuth; C. Aulbert; S. Babak; P. Bacon; M. K. M. Bader; P. T. Baker; F. Baldaccini; G. Ballardin; S. W. Ballmer; J. C. Barayoga; S. E. Barclay; B. C. Barish; D. Barker; F. Barone; B. Barr; L. Barsotti; M. Barsuglia; D. Barta; J. Bartlett; M. A. Barton; I. Bartos; R. Bassiri; A. Basti; J. C. Batch; C. Baune; V. Bavigadda; M. Bazzan; B. Behnke; M. Bejger; Krzysztof Belczyński; A. S. Bell; C. Bell; B. K. Berger; J. Bergman; G. Bergmann; C. P. L. Berry; D. Bersanetti; A. Bertolini; J. Betzwieser; S. Bhagwat; R. Bhandare; I. A. Bilenko; G. Billingsley; J. Birch; R. Birney; O. Birnholtz; S. Biscans; A. Bisht; M. Bitossi; C. Biwer; M. A. Bizouard; J. K. Blackburn; C. D. Blair; D. G. Blair; R. M. Blair; S. Bloemen; O. Bock; T. P. Bodiya; M. Boër; G. Bogaert; C. Bogan; A. Bohé; P. Bojtos; C. Bond,Observation of Gravitational Waves from a Binary Black Hole Merger,2016,C003,"Prior work reports that On September 14, 2015 at 09:50:45 UTC the two detectors of the Laser Interferometer Gravitational-Wave Observatory simultaneously observed a transient gravitational-wave signal.",Green,10.1103/physrevlett.116.061102,E040,exists,Physics,"On September 14, 2015 at 09:50:45 UTC the two detectors of the Laser Interferometer Gravitational-Wave Observatory simultaneously observed a transient gravitational-wave signal.",match,"Metadata matches public record (title similarity 1.00). Abstract/snippet overlaps with claim terms: detectors, gravitational-wave, interferometer, laser, observatory, observed, september, signal.",openalex,0.8,supports,1.0,https://doi.org/10.1103/physrevlett.116.061102,crossref_doi,True
1.0,physics_gravitational_waves,Renate Meyer; Matthew C. Edwards; Patricio Maturana‐Russel; Nelson Christensen,Computational techniques for parameter estimation of gravitational wave signals,2020,C004,"Prior work reports that Abstract Since the very first detection of gravitational waves from the coalescence of two black holes in 2015, Bayesian statistical methods have been routinely applied by LIGO and Virgo to extract the signal out of noisy interferometric measurements, obtain point estimates of the physical parameters responsible for producing the signal, and rigorously quantify their uncertainties.",Red,10.1002/wics.1532,E041,exists,Physics,"Abstract Since the very first detection of gravitational waves from the coalescence of two black holes in 2015, Bayesian statistical methods have been routinely applied by LIGO and Virgo to extract the signal out of noisy interferometric measurements, obtain point estimates of the physical parameters responsible for producing the signal, and rigorously quantify their uncertainties.",mismatch,"Year mismatch: cited 2020, public record 2022. Abstract/snippet overlaps with claim terms: abstract, applied, bayesian, been, black, coalescence, detection, estimates.",openalex,0.919,supports,1.0,https://doi.org/10.1002/wics.1532,crossref_doi,False
1.0,physics_gravitational_waves,Leor Barack; Adam Pound,Self-force and radiation reaction in general relativity,2018,C005,Prior work reports that The detection of gravitational waves from binary black-hole mergers by the LIGO-Virgo Collaboration marks the dawn of an era when general-relativistic dynamics in its most extreme manifestation is directly accessible to observation.,Red,10.1088/1361-6633/aae552,E042,exists,Physics,Abstract The detection of gravitational waves from binary black-hole mergers by the LIGO–Virgo Collaboration marks the dawn of an era when general-relativistic dynamics in its most extreme manifestation is directly accessible to observation.,mismatch,"Year mismatch: cited 2018, public record 2019. Abstract/snippet overlaps with claim terms: accessible, binary, black-hole, collaboration, dawn, detection, directly, dynamics.",openalex,0.818,supports,1.0,https://doi.org/10.1088/1361-6633/aae552,crossref_doi,False
1.0,physics_gravitational_waves,Daniel George; E. A. Huerta,Deep neural networks to enable real-time multimessenger astrophysics,2018,C006,Prior work reports that Gravitational wave astronomy has set in motion a scientific revolution.,Green,10.1103/physrevd.97.044039,E043,exists,Physics,Gravitational wave astronomy has set in motion a scientific revolution.,match,"Metadata matches public record (title similarity 1.00). Abstract/snippet overlaps with claim terms: astronomy, gravitational, has, motion, revolution, scientific, set, wave.",openalex,0.727,supports,1.0,https://doi.org/10.1103/physrevd.97.044039,crossref_doi,True
0.8,materials_megnet,Chi Chen; Weike Ye; Yunxing Zuo; Zheng Chen; Shyue Ping Ong,Graph Networks as a Universal Machine Learning Framework for Molecules and Crystals,2019,C001,Prior work reports that Graph networks are a new machine learning (ML) paradigm that supports both relational reasoning and combinatorial generalization.,Green,10.1021/acs.chemmater.9b01294,E036,exists,Materials Science,Graph networks are a new machine learning (ML) paradigm that supports both relational reasoning and combinatorial generalization.,match,"Metadata matches public record (title similarity 1.00). Abstract/snippet overlaps with claim terms: both, combinatorial, generalization, graph, learning, machine, networks, new.",openalex,0.867,supports,1.0,https://doi.org/10.1021/acs.chemmater.9b01294,crossref_doi,True
1.0,materials_megnet,Hong Wang; Hongwei Du; Jian Hui; lanting zhang,DenseGNN: universal and scalable deeper graph neural networks for high-performance property prediction in crystals and molecules,2024,C002,Prior work reports that Abstract Modern deep learning-driven generative models have made it possible to design millions of hypothetical materials.,Green,10.21203/rs.3.rs-4173966/v1,E037,exists,Materials Science,Abstract Modern deep learning-driven generative models have made it possible to design millions of hypothetical materials.,match,"Metadata matches public record (title similarity 1.00). Abstract/snippet overlaps with claim terms: abstract, deep, design, generative, hypothetical, learning-driven, made, materials.",crossref,0.786,supports,1.0,https://doi.org/10.21203/rs.3.rs-4173966/v1,crossref_doi,True
1.0,materials_megnet,Dana O'Connor; Paola Buitrago,Examining the Influence of Graph Representation on Property Prediction of Polymorphic Organic Molecular Crystals,2025,C003,"Prior work reports that Organic semiconductors (OSCs) can exhibit polymorphism, which may impact the physichochemical properties of the material, including the bandgap.",Green,10.26434/chemrxiv-2025-9xjh5,E038,exists,Materials Science,"Organic semiconductors (OSCs) can exhibit polymorphism, which may impact the physichochemical properties of the material, including the bandgap.",match,"Metadata matches public record (title similarity 1.00). Abstract/snippet overlaps with claim terms: bandgap, exhibit, impact, including, material, may, organic, oscs.",crossref,0.8,supports,1.0,https://doi.org/10.26434/chemrxiv-2025-9xjh5,crossref_doi,True
1.0,materials_megnet,Yan-Feng Wang; Alexei Maznev; Vincent Laude,Formation of Bragg Band Gaps in Anisotropic Phononic Crystals Analyzed With the Empty Lattice Model,2016,C004,"Prior work reports that Bragg band gaps of phononic crystals generally, but not always, open at Brillouin zone boundaries.",Green,10.3390/cryst6050052,E039,exists,Materials Science,"Bragg band gaps of phononic crystals generally, but not always, open at Brillouin zone boundaries.",match,"Metadata matches public record (title similarity 1.00). Abstract/snippet overlaps with claim terms: always, band, boundaries, bragg, brillouin, crystals, gaps, generally.",crossref,0.8,supports,1.0,https://doi.org/10.3390/cryst6050052,crossref_doi,True
1.0,materials_megnet,Mohammadreza Karamad; Rishikesh Magar; Yuting Shi; Samira Siahrostami; Ian D. Gates; Amir Barati Farimani,Orbital Graph Convolutional Neural Network for Material Property Prediction,2020,C005,Prior work reports that Material representations that are compatible with machine learning models play a key role in developing models that exhibit high accuracy for property prediction.,Green,10.1103/physrevmaterials.4.093801,E040,exists,Materials Science,Material representations that are compatible with machine learning models play a key role in developing models that exhibit high accuracy for property prediction.,match,"Metadata matches public record (title similarity 1.00). Abstract/snippet overlaps with claim terms: accuracy, compatible, developing, exhibit, high, key, learning, machine.",arxiv,0.824,supports,1.0,https://doi.org/10.1103/physrevmaterials.4.093801,crossref_title,True
1.0,materials_megnet,Jonathan Schmidt; Mário R. G. Marques; Silvana Botti; Miguel A. L. Marques,Recent advances and applications of machine learning in solid-state materials science,2019,C006,Prior work reports that Abstract One of the most exciting tools that have entered the material science toolbox in recent years is machine learning.,Green,10.1038/s41524-019-0221-0,E041,exists,Materials Science,Abstract One of the most exciting tools that have entered the material science toolbox in recent years is machine learning.,match,"Metadata matches public record (title similarity 1.00). Abstract/snippet overlaps with claim terms: abstract, entered, exciting, learning, machine, material, one, recent.",openalex,0.8,supports,1.0,https://doi.org/10.1038/s41524-019-0221-0,crossref_doi,True
1.0,robotics_rt1,"Natan, Avraham; Stern, Roni; Kalech, Meir",Diagnosing Non-Intermittent Anomalies in Reinforcement Learning Policy Executions (Short Paper),2017,C001,"Prior work reports that Due to the safety risks and training sample inefficiency, it is often preferred to develop controllers in simulation.",Green,10.4230/oasics.dx.2024.16,E024,exists,Robotics,"Due to the safety risks and training sample inefficiency, it is often preferred to develop controllers in simulation.",match,"Metadata matches public record (title similarity 1.00). Abstract/snippet overlaps with claim terms: controllers, develop, due, inefficiency, often, preferred, risks, safety.",openalex,0.786,supports,1.0,http://arxiv.org/abs/1707.06347,openalex_title,True
0.0,robotics_rt1,,"Fraser, Julian Alexander, (Alex), (born 23 July 1959), Principal, ifs University College, since 2015",2007,C002,"Prior work reports that Fraser, Julian Alexander, (Alex), (born 23 July 1959), Principal, ifs University College, since 2015",Yellow,10.1093/ww/9780199540884.013.u29831,E025,exists,Robotics,"Fraser, Julian Alexander, (Alex), (born 23 July 1959), Principal, ifs University College, since 2015",match,"Metadata matches public record (title similarity 1.00). The citation exists, but no sufficiently detailed abstract/snippet is available for concrete support.",crossref,1.0,partial_or_uncertain,1.0,https://doi.org/10.1093/ww/9780199540884.013.u29831,crossref_doi,True
0.0,robotics_rt1,,"Fraser, Julian Alexander, (Alex), (born 23 July 1959), Chief Executive, London Institute of Banking & Finance (formerly ifs University College), since 2015",2007,C003,"Prior work reports that Fraser, Julian Alexander, (Alex), (born 23 July 1959), Chief Executive, London Institute of Banking & Finance (formerly ifs University College), since 2015",Yellow,10.1093/ww/9780199540884.013.29831,E026,exists,Robotics,"Fraser, Julian Alexander, (Alex), (born 23 July 1959), Chief Executive, London Institute of Banking & Finance (formerly ifs University College), since 2015",match,"Metadata matches public record (title similarity 1.00). The citation exists, but no sufficiently detailed abstract/snippet is available for concrete support.",crossref,1.0,partial_or_uncertain,1.0,https://doi.org/10.1093/ww/9780199540884.013.29831,crossref_doi,True
0.0,robotics_rt1,,Installations and exhibits,2021,C004,Prior work reports that the paper titled 'Installations and exhibits' is relevant to the retrieved topic.,Yellow,10.5040/9781350927988.178,E027,exists,Robotics,Installations and exhibits,match,"Metadata matches public record (title similarity 1.00). The citation exists, but no sufficiently detailed abstract/snippet is available for concrete support.",crossref,1.0,partial_or_uncertain,1.0,https://doi.org/10.5040/9781350927988.178,crossref_doi,True
0.0,robotics_rt1,,Installations and exhibits,2021,C005,Prior work reports that the paper titled 'Installations and exhibits' is relevant to the retrieved topic.,Yellow,10.5040/9781350927964.62,E028,exists,Robotics,Installations and exhibits,match,"Metadata matches public record (title similarity 1.00). The citation exists, but no sufficiently detailed abstract/snippet is available for concrete support.",crossref,1.0,partial_or_uncertain,1.0,https://doi.org/10.5040/9781350927964.62,crossref_doi,True
1.0,robotics_rt1,Matthew Lisondra; Beno Benhabib; Goldie Nejat,Embodied AI with Foundation Models for Mobile Service Robots: A Systematic Review,2025,C006,"Prior work reports that Rapid advancements in foundation models, including Large Language Models, Vision-Language Models, Multimodal Large Language Models, and Vision-Language-Action Models, have opened new avenues for embodied AI in mobile service robotics.",Red,10.3390/robotics15030055,E029,exists,Robotics,"Rapid advancements in foundation models, including Large Language Models, Vision-Language Models, Multimodal Large Language Models, and Vision-Language-Action models, have opened new avenues for embodied AI in mobile service robotics.",mismatch,"Year mismatch: cited 2025, public record 2026. Abstract/snippet overlaps with claim terms: advancements, avenues, embodied, foundation, including, language, mobile, multimodal.",arxiv,0.833,supports,1.0,https://doi.org/10.3390/robotics15030055,crossref_title,False
0.0,climate_remote_sensing_ai,,satellite address,2011,C001,Prior work reports that the paper titled 'satellite address' is relevant to the retrieved topic.,Yellow,10.1007/springerreference_23987,E022,exists,Climate / Remote Sensing,satellite address,match,"Metadata matches public record (title similarity 1.00). The citation exists, but no sufficiently detailed abstract/snippet is available for concrete support.",crossref,1.0,partial_or_uncertain,1.0,https://doi.org/10.1007/springerreference_23987,crossref_doi,True
1.0,climate_remote_sensing_ai,Manas Pradhan,Governance and Sustainable Development Goals (SDGs) for smart cities,2026,C002,Prior work reports that Governance and Sustainable Development Goals (SDGs) for smart cities,Yellow,10.1016/b978-0-44-326594-5.00010-0,E023,exists,Climate / Remote Sensing,Governance and Sustainable Development Goals (SDGs) for smart cities,match,"Metadata matches public record (title similarity 1.00). The citation exists, but no sufficiently detailed abstract/snippet is available for concrete support.",crossref,1.0,partial_or_uncertain,1.0,https://doi.org/10.1016/b978-0-44-326594-5.00010-0,crossref_doi,True
1.0,climate_remote_sensing_ai,Pavlo Lykhovyd,Geospatial Intelligence and Remote Sensing for Climate-Smart and Sustainable Agriculture,2025,C003,"Prior work reports that In the context of global climate change, related threats for food security, and the need for rational land and water resources usage in order to provide environmental sustainability, agricultural sector of Ukrainian economy faces serious challenges.",Green,10.70593/978-93-7185-854-0,E024,exists,Climate / Remote Sensing,"In the context of global climate change, related threats for food security, and the need for rational land and water resources usage in order to provide environmental sustainability, agricultural sector of Ukrainian economy faces serious challenges.",match,"Metadata matches public record (title similarity 1.00). Abstract/snippet overlaps with claim terms: agricultural, challenges, change, climate, context, economy, environmental, faces.",crossref,0.929,supports,1.0,https://doi.org/10.70593/978-93-7185-854-0,crossref_doi,True
1.0,climate_remote_sensing_ai,Xander Wang,Remote Sensing Applications to Climate Change,2023,C004,"Prior work reports that Climate change research remains a challenging task, as it requires vast quantities of long-term data to investigate the past, present, and future scenarios of Earth’s climate system and other biophysical systems at global to local scales [...]",Green,10.3390/rs15030747,E025,exists,Climate / Remote Sensing,"Climate change research remains a challenging task, as it requires vast quantities of long-term data to investigate the past, present, and future scenarios of Earth’s climate system and other biophysical systems at global to local scales [...]",match,"Metadata matches public record (title similarity 1.00). Abstract/snippet overlaps with claim terms: biophysical, challenging, change, climate, earth, future, global, investigate.",crossref,0.875,supports,1.0,https://doi.org/10.3390/rs15030747,crossref_doi,True
0.0,climate_remote_sensing_ai,,Chapter 14: Applying Remote Sensing for Smart Cities,2024,C005,Prior work reports that Chapter 14: Applying Remote Sensing for Smart Cities,Yellow,10.1515/9781501522840-016,E026,exists,Climate / Remote Sensing,Chapter 14: Applying Remote Sensing for Smart Cities,match,"Metadata matches public record (title similarity 1.00). The citation exists, but no sufficiently detailed abstract/snippet is available for concrete support.",crossref,1.0,partial_or_uncertain,1.0,https://doi.org/10.1515/9781501522840-016,crossref_doi,True
1.0,climate_remote_sensing_ai,Rwitabrata Mallick,Smart Cities and Climate Resilience,2024,C006,"Prior work reports that Smart cities integrate digital technology and data to improve urban life, streamline city operations, and secure long-term growth.",Green,10.4018/979-8-3693-6522-9.ch021,E027,exists,Climate / Remote Sensing,"Smart cities integrate digital technology and data to improve urban life, streamline city operations, and secure long-term growth.",match,"Metadata matches public record (title similarity 1.00). Abstract/snippet overlaps with claim terms: cities, city, digital, growth, improve, integrate, life, long-term.",crossref,0.824,supports,1.0,https://doi.org/10.4018/979-8-3693-6522-9.ch021,crossref_doi,True
1.0,education_llm_survey,Zita Lifelo; Jianguo Ding; Huansheng Ning; Qurat-ul-Ain; Sahraoui Dhelim,"Artificial Intelligence-Enabled Metaverse for Sustainable Smart Cities: Technologies, Applications, Challenges, and Future Directions",2024,C001,"Prior work reports that Rapid urbanisation has intensified the need for sustainable solutions to address challenges in urban infrastructure, climate change, and resource constraints.",Green,10.3390/electronics13244874,E033,exists,Education,"Rapid urbanisation has intensified the need for sustainable solutions to address challenges in urban infrastructure, climate change, and resource constraints.",match,"Metadata matches public record (title similarity 1.00). Abstract/snippet overlaps with claim terms: address, challenges, change, climate, constraints, has, infrastructure, intensified.",semantic_scholar,0.833,supports,1.0,https://doi.org/10.3390/electronics13244874,crossref_doi,True
1.0,education_llm_survey,Malik Sallam,"ChatGPT Utility in Healthcare Education, Research, and Practice: Systematic Review on the Promising Perspectives and Valid Concerns",2023,C002,Prior work reports that ChatGPT is an artificial intelligence (AI)-based conversational large language model (LLM).,Green,10.3390/healthcare11060887,E034,exists,Education,ChatGPT is an artificial intelligence (AI)-based conversational large language model (LLM).,match,"Metadata matches public record (title similarity 1.00). Abstract/snippet overlaps with claim terms: artificial, chatgpt, conversational, intelligence, language, llm.",openalex,0.667,supports,1.0,https://doi.org/10.3390/healthcare11060887,crossref_doi,True
1.0,education_llm_survey,Jing Liu; Ahmad Johari Bin Sihes; Ye Lu,How do generative artificial intelligence (AI) tools and large language models (LLMs) influence language learners’ critical thinking in EFL education? A systematic review,2025,C003,"Prior work reports that Abstract As generative artificial intelligence (AI) tools and large language models (LLMs)-powered applications develop rapidly in the era of algorithms, it should be integrated thoughtfully to enhance English as a Foreign Language (EFL) teaching and learning without replacing learners’ critical thinking (CT).",Green,10.1186/s40561-025-00406-0,E035,exists,Education,"Abstract As generative artificial intelligence (AI) tools and large language models (LLMs)-powered applications develop rapidly in the era of algorithms, it should be integrated thoughtfully to enhance English as a Foreign Language (EFL) teaching and learning without replacing learners’ critical thinking (CT).",match,"Metadata matches public record (title similarity 1.00). Abstract/snippet overlaps with claim terms: abstract, algorithms, applications, artificial, critical, develop, efl, english.",crossref,0.9,supports,1.0,https://doi.org/10.1186/s40561-025-00406-0,crossref_doi,True
0.0,education_llm_survey,Jürgen Rudolph; Samson Tan; Shannon Tan,ChatGPT: Bullshit spewer or the end of traditional assessments in higher education?,2023,C004,Prior work reports that ChatGPT is the world’s most advanced chatbot thus far.,Green,10.37074/jalt.2023.6.1.9,E036,exists,Education,ChatGPT is the world’s most advanced chatbot thus far.,match,"Metadata matches public record (title similarity 1.00). Abstract/snippet overlaps with claim terms: advanced, chatbot, chatgpt, far, thus, world.",openalex,0.667,supports,1.0,https://doi.org/10.37074/jalt.2023.6.1.9,crossref_doi,True
1.0,education_llm_survey,Gianni Fenu; Roberta Galici; Mirko Marras,Experts' View on Challenges and Needs for Fairness in Artificial Intelligence for Education,2022,C005,"Prior work reports that In recent years, there has been a stimulating discussion on how artificial intelligence (AI) can support the science and engineering of intelligent educational applications.",Green,10.1007/978-3-031-11644-5_20,E037,exists,Education,"In recent years, there has been a stimulating discussion on how artificial intelligence (AI) can support the science and engineering of intelligent educational applications.",match,"Metadata matches public record (title similarity 1.00). Abstract/snippet overlaps with claim terms: applications, artificial, been, discussion, educational, engineering, has, how.",arxiv,0.833,supports,1.0,https://doi.org/10.1007/978-3-031-11644-5_20,crossref_title,True
1.0,education_llm_survey,Hatem Mosa; Qasem Abu Al-Haija,"Explainable Artificial Intelligence and Trust in Smart Applications: Definition, Evolution and Challenges",2026,C006,"Prior work reports that Explainable Artificial Intelligence and Trust in Smart Applications: Definition, Evolution and Challenges",Yellow,10.1007/978-3-031-97007-8_1,E038,exists,Education,"Explainable Artificial Intelligence and Trust in Smart Applications: Definition, Evolution and Challenges",match,"Metadata matches public record (title similarity 1.00). The citation exists, but no sufficiently detailed abstract/snippet is available for concrete support.",crossref,1.0,partial_or_uncertain,1.0,https://doi.org/10.1007/978-3-031-97007-8_1,crossref_doi,True
1.0,education_gpt_surprise,Allen Nie; Yash Chandak; Miroslav Suzara; Ali Malik; Juliette Woodrow; Matt Peng; Mehran Sahami; Emma Brunskill; Chris Piech,The GPT Surprise: Offering Large Language Model Chat in a Massive Coding Class Reduced Engagement but Increased Adopters Exam Performances,2024,C001,"Prior work reports that Large language models (LLMs) are quickly being adopted in a wide range of learning experiences, especially via ubiquitous and broadly accessible chat interfaces like ChatGPT and Copilot.",Green,10.31219/osf.io/qy8zd,E032,exists,Education / Social Science,"Large language models (LLMs) are quickly being adopted in a wide range of learning experiences, especially via ubiquitous and broadly accessible chat interfaces like ChatGPT and Copilot.",match,"Metadata matches public record (title similarity 1.00). Abstract/snippet overlaps with claim terms: accessible, adopted, being, broadly, chat, chatgpt, copilot, especially.",crossref,0.909,supports,1.0,https://doi.org/10.31219/osf.io/qy8zd,crossref_doi,True
1.0,education_gpt_surprise,Bilal Al-Ahmad; Anas Alsobeh; Omar Meqdadi; Nazimuddin Shaikh; Md Faisal Kabir,Students-Centric Evaluation Survey for Exploring the Impact of LLMs on UML Modeling,2025,C002,Prior work reports that Unified Modeling Language (UML) diagrams are essential tools for visualizing system structure and behavior in software design.,Green,10.20944/preprints202505.2054.v1,E033,exists,Education / Social Science,Unified Modeling Language (UML) diagrams are essential tools for visualizing system structure and behavior in software design.,match,"Metadata matches public record (title similarity 1.00). Abstract/snippet overlaps with claim terms: behavior, design, diagrams, essential, language, modeling, software, structure.",crossref,0.812,supports,1.0,https://doi.org/10.20944/preprints202505.2054.v1,crossref_doi,True
1.0,education_gpt_surprise,Jessica G Borger; Ashley P. Ng; Holly Anderton; George W. Ashdown; Megan Auld; Marnie E. Blewitt; Daniel V. Brown; Melissa Call; Peter Collins; Saskia Freytag; Leonard C. Harrison; Eva Hesping; Jaci Hoysted; Anna Johnston; Andrew McInneny; Phil Tang; Lachlan Whitehead; Aaron R. Jex; Shalin H. Naik,Artificial intelligence takes center stage: exploring the capabilities and implications of ChatGPT and other AI‐assisted technologies in scientific research and education,2023,C003,Prior work reports that The emergence of large language models (LLMs) and assisted artificial intelligence (AI) technologies have revolutionized the way in which we interact with technology.,Green,10.1111/imcb.12689,E034,exists,Education / Social Science,The emergence of large language models (LLMs) and assisted artificial intelligence (AI) technologies have revolutionized the way in which we interact with technology.,match,"Metadata matches public record (title similarity 1.00). Abstract/snippet overlaps with claim terms: artificial, assisted, emergence, intelligence, interact, language, llms, prior.",openalex,0.929,supports,1.0,https://doi.org/10.1111/imcb.12689,crossref_doi,True
1.0,education_gpt_surprise,Allen Nie; Yash Chandak; Miroslav Suzara; Ali Malik; Juliette Woodrow; Matt Peng; Mehran Sahami; Emma Brunskill; Chris Piech,The GPT Surprise: Offering Large Language Model Chat in a Massive Coding Class Reduced Engagement But May Increase Adopters' Exam Performances,2025,C004,Prior work reports that The GPT Surprise: Offering Large Language Model Chat in a Massive Coding Class Reduced Engagement But May Increase Adopters' Exam Performances,Yellow,10.1145/3698205.3733960,E035,exists,Education / Social Science,The GPT Surprise: Offering Large Language Model Chat in a Massive Coding Class Reduced Engagement But May Increase Adopters' Exam Performances,match,"Metadata matches public record (title similarity 1.00). The citation exists, but no sufficiently detailed abstract/snippet is available for concrete support.",crossref,1.0,partial_or_uncertain,1.0,https://doi.org/10.1145/3698205.3733960,crossref_doi,True
1.0,education_gpt_surprise,Anthony Skryd; Katharine Lawrence,ChatGPT as a Tool for Medical Education and Clinical Decision-Making on the Wards: Case Study,2024,C005,Prior work reports that BACKGROUND: Large language models (LLMs) are computational artificial intelligence systems with advanced natural language processing capabilities that have recently been popularized among health care students and educators due to their ability to provide real-time access to a vast amount of medical knowledge.,Green,10.2196/51346,E036,exists,Education / Social Science,Background Large language models (LLMs) are computational artificial intelligence systems with advanced natural language processing capabilities that have recently been popularized among health care students and educators due to their ability to provide real-time access to a vast amount of medical knowledge.,match,"Metadata matches public record (title similarity 1.00). Abstract/snippet overlaps with claim terms: ability, access, advanced, amount, artificial, background, been, capabilities.",openalex,0.9,supports,1.0,https://doi.org/10.2196/51346,crossref_doi,True
1.0,education_gpt_surprise,American Academy of Pediatrics,Diagnosis Coding: Why Services Are Provided (Online Exclusive),2006,C006,Prior work reports that Invaluable information for physicians and hospitals from the ICD-9-CM manual including details of the principles of coding and instructions for selecting codes,Green,10.1542/pcco_book029_document005,E037,exists,Education / Social Science,Invaluable information for physicians and hospitals from the ICD-9-CM manual including details of the principles of coding and instructions for selecting codes,match,"Metadata matches public record (title similarity 1.00). Abstract/snippet overlaps with claim terms: codes, coding, details, hospitals, icd-9-cm, including, information, instructions.",crossref,0.812,supports,1.0,https://doi.org/10.1542/pcco_book029_document005,crossref_doi,True
1.0,education_llm_harm_learning,Michail N. Giannakos; Roger Azevedo; Peter Brusilovsky; Mutlu Cukurova; Yannis Dimitriadis; Davinia Hernández‐Leo; Sanna Järvelä; Manolis Mavrikis; Bart Rienties,The promise and challenges of generative AI in education,2024,C001,"Prior work reports that Generative artificial intelligence (GenAI) tools, such as large language models (LLMs), generate natural language and other types of content to perform a wide range of tasks.",Red,10.1080/0144929x.2024.2394886,E037,exists,Education / HCI,"Generative artificial intelligence (GenAI) tools, such as large language models (LLMs), generate natural language and other types of content to perform a wide range of tasks.",mismatch,"Year mismatch: cited 2024, public record 2025. Abstract/snippet overlaps with claim terms: artificial, content, genai, generate, generative, intelligence, language, llms.",openalex,0.842,supports,1.0,https://doi.org/10.1080/0144929x.2024.2394886,crossref_doi,False
0.25,education_llm_harm_learning,Defne Yigci; Merve Eryılmaz; Ail K. Yetisen; Savaş Taşoğlu; Aydogan Özcan,Large Language Model‐Based Chatbots in Higher Education,2024,C002,Prior work reports that Large language models (LLMs) are artificial intelligence (AI) platforms capable of analyzing and mimicking natural language processing.,Red,10.1002/aisy.202400429,E038,exists,Education / HCI,Large language models (LLMs) are artificial intelligence (AI) platforms capable of analyzing and mimicking natural language processing.,mismatch,"Year mismatch: cited 2024, public record 2025. Abstract/snippet overlaps with claim terms: analyzing, artificial, capable, intelligence, language, llms, mimicking, natural.",openalex,0.769,supports,1.0,https://doi.org/10.1002/aisy.202400429,crossref_doi,False
1.0,education_llm_harm_learning,Günther Eysenbach,"The Role of ChatGPT, Generative Language Models, and Artificial Intelligence in Medical Education: A Conversation With ChatGPT and a Call for Papers",2023,C003,"Prior work reports that ChatGPT is a generative language model tool launched by OpenAI on November 30, 2022, enabling the public to converse with a machine on a broad range of topics.",Green,10.2196/46885,E039,exists,Education / HCI,"ChatGPT is a generative language model tool launched by OpenAI on November 30, 2022, enabling the public to converse with a machine on a broad range of topics.",match,"Metadata matches public record (title similarity 1.00). Abstract/snippet overlaps with claim terms: broad, chatgpt, converse, enabling, generative, language, launched, machine.",openalex,0.824,supports,1.0,https://doi.org/10.2196/46885,crossref_doi,True
1.0,education_llm_harm_learning,T. Jowsey; Jessica Stokes-Parish; Rachelle Singleton; M. Todorovic,Medical education empowered by generative artificial intelligence large language models.,2023,C004,"Prior work reports that Generative artificial intelligence (GAI) large language models (LLMs), like ChatGPT, have become the world's fastest growing applications.",Green,10.1016/j.molmed.2023.08.012,E040,exists,Education / HCI,"Generative artificial intelligence (GAI) large language models (LLMs), like ChatGPT, have become the world's fastest growing applications.",match,"Metadata matches public record (title similarity 1.00). Abstract/snippet overlaps with claim terms: applications, artificial, become, chatgpt, fastest, gai, generative, growing.",semantic_scholar,0.812,supports,1.0,https://doi.org/10.1016/j.molmed.2023.08.012,crossref_doi,True
1.0,education_llm_harm_learning,Inigo Lopez-Gazpio,Integrating Large Language Models into Accessible and Inclusive Education: Access Democratization and Individualized Learning Enhancement Supported by Generative Artificial Intelligence,2025,C005,"Prior work reports that This study explores the integration of large language models (LLMs) into educational environments, emphasizing enhanced accessibility, inclusivity, and individualized learning experiences.",Green,10.3390/info16060473,E041,exists,Education / HCI,"This study explores the integration of large language models (LLMs) into educational environments, emphasizing enhanced accessibility, inclusivity, and individualized learning experiences.",match,"Metadata matches public record (title similarity 1.00). Abstract/snippet overlaps with claim terms: accessibility, educational, emphasizing, enhanced, environments, experiences, explores, inclusivity.",crossref,0.875,supports,1.0,https://doi.org/10.3390/info16060473,crossref_doi,True
1.0,education_llm_harm_learning,Miltiadis A. Makrygiannakis; Kostis Giannakopoulos; E. Kaklamanos,"Evidence-based potential of generative artificial intelligence large language models in orthodontics: a comparative study of ChatGPT, Google Bard, and Microsoft Bing",2024,C006,"Prior work reports that Summary Background The increasing utilization of large language models (LLMs) in Generative Artificial Intelligence across various medical and dental fields, and specifically orthodontics, raises questions about their accuracy.",Red,10.1093/ejo/cjae017,E042,exists,Education / HCI,"Summary Background The increasing utilization of large language models (LLMs) in Generative Artificial Intelligence across various medical and dental fields, and specifically orthodontics, raises questions about their accuracy.",mismatch,"Year mismatch: cited 2024, public record 2025. Abstract/snippet overlaps with claim terms: accuracy, artificial, background, dental, fields, generative, increasing, intelligence.",semantic_scholar,0.857,supports,1.0,https://doi.org/10.1093/ejo/cjae017,crossref_doi,False
1.0,optimization_adam,Yusu Hong; Junhong Lin,On Convergence of Adam for Stochastic Optimization under Relaxed Assumptions,2024,C001,Prior work reports that On Convergence of Adam for Stochastic Optimization under Relaxed Assumptions,Yellow,10.52202/079017-0346,E035,exists,Optimization / ML,On Convergence of Adam for Stochastic Optimization under Relaxed Assumptions,match,"Metadata matches public record (title similarity 1.00). The citation exists, but no sufficiently detailed abstract/snippet is available for concrete support.",crossref,1.0,partial_or_uncertain,1.0,https://doi.org/10.52202/079017-0346,crossref_doi,True
1.0,optimization_adam,Anas Barakat; Pascal Bianchi,Convergence and Dynamical Behavior of the ADAM Algorithm for Nonconvex Stochastic Optimization,2021,C002,Prior work reports that Convergence and Dynamical Behavior of the ADAM Algorithm for Nonconvex Stochastic Optimization,Yellow,10.1137/19m1263443,E036,exists,Optimization / ML,Convergence and Dynamical Behavior of the ADAM Algorithm for Nonconvex Stochastic Optimization,match,"Metadata matches public record (title similarity 1.00). The citation exists, but no sufficiently detailed abstract/snippet is available for concrete support.",crossref,1.0,partial_or_uncertain,1.0,https://doi.org/10.1137/19m1263443,crossref_doi,True
1.0,optimization_adam,Shih-Cheng Horng; Shieh-Shing Lin,Accelerated Driving-Training-Based Optimization for Solving Constrained Bi-Objective Stochastic Optimization Problems,2024,C003,Prior work reports that The constrained bi-objective stochastic optimization problem (CBSOP) considers the optimization problem with stochastic bi-objective functions subject to deterministic constraints.,Green,10.3390/math12121863,E037,exists,Optimization / ML,The constrained bi-objective stochastic optimization problem (CBSOP) considers the optimization problem with stochastic bi-objective functions subject to deterministic constraints.,match,"Metadata matches public record (title similarity 1.00). Abstract/snippet overlaps with claim terms: bi-objective, cbsop, considers, constrained, constraints, deterministic, functions, optimization.",crossref,0.857,supports,1.0,https://doi.org/10.3390/math12121863,crossref_doi,True
0.0,optimization_adam,Ru Lei; Lin Li; Rustam Stolkin; Bin Feng,An accelerate Prediction Strategy for Dynamic Multi-Objective Optimization,2024,C004,Prior work reports that This paper addresses the challenge of dynamic multi-objective optimization problems (DMOPs) by introducing novel approaches for accelerating prediction strategies within the evolutionary algorithm framework.,Red,10.1109/tevc.2025.3551323/mm1,E038,exists,Optimization / ML,This paper addresses the challenge of dynamic multi-objective optimization problems (DMOPs) by introducing novel approaches for accelerating prediction strategies within the evolutionary algorithm framework.,mismatch,"Year mismatch: cited 2024, public record 2025. Abstract/snippet overlaps with claim terms: accelerating, addresses, algorithm, approaches, challenge, dmops, dynamic, evolutionary.",arxiv,0.842,supports,0.711,https://doi.org/10.1109/tevc.2025.3551323/mm1,crossref_title,False
1.0,optimization_adam,Vu Trung Hieu,On the solution existence and stability of polynomial optimization problems,2018,C005,Prior work reports that This paper introduces and investigates a regularity condition in the asymptotic sense for optimization problems whose objective functions are polynomial.,Red,10.1007/s11590-021-01788-z,E039,exists,Optimization / ML,This paper introduces and investigates a regularity condition in the asymptotic sense for optimization problems whose objective functions are polynomial.,mismatch,"Year mismatch: cited 2018, public record 2022. Abstract/snippet overlaps with claim terms: asymptotic, condition, functions, introduces, investigates, objective, optimization, polynomial.",arxiv,0.8,supports,1.0,https://doi.org/10.1007/s11590-021-01788-z,crossref_title,False
1.0,optimization_adam,Hilal Asi; John C. Duchi,"Stochastic (Approximate) Proximal Point Methods: Convergence, Optimality, and Adaptivity",2018,C006,"Prior work reports that We develop model-based methods for solving stochastic convex optimization problems, introducing the approximate-proximal point, or aProx, family, which includes stochastic subgradient, proximal point, and bundle methods.",Red,10.1137/18m1230323,E040,exists,Optimization / ML,"We develop model-based methods for solving stochastic convex optimization problems, introducing the approximate-proximal point, or aProx, family, which includes stochastic subgradient, proximal point, and bundle methods.",mismatch,"Year mismatch: cited 2018, public record 2019. Abstract/snippet overlaps with claim terms: approximate-proximal, aprox, bundle, convex, develop, family, includes, introducing.",arxiv,0.842,supports,1.0,https://doi.org/10.1137/18m1230323,crossref_title,False
1.0,existing_finance_evomarket,P. Taillandier; Jean-Daniel Zucker; A. Grignard; B. Gaudou; N. Huynh; A. Drogoul,Integrating LLM in Agent-Based Social Simulation: Opportunities and Challenges,2025,C001,"Prior work reports that This position paper examines the use of Large Language Models (LLMs) in social simulation, analyzing their potential and limitations from a computational social science perspective.",Green,10.48550/arxiv.2507.19364,E032,exists,Finance / Simulation,"This position paper examines the use of Large Language Models (LLMs) in social simulation, analyzing their potential and limitations from a computational social science perspective.",match,"Metadata matches public record (title similarity 1.00). Abstract/snippet overlaps with claim terms: analyzing, computational, examines, language, limitations, llms, perspective, position.",semantic_scholar,0.812,supports,1.0,http://arxiv.org/abs/2507.19364,openalex_title,True
1.0,existing_finance_evomarket,Mohamed Amine Souissi; Khalid Bensaid; Rachid Ellaia,Multi-agent modeling and simulation of a stock market,2018,C002,Prior work reports that The stock market represents complex systems where multiple agents interact.,Green,10.21511/imfi.15(4).2018.10,E033,exists,Finance / Simulation,The stock market represents complex systems where multiple agents interact.,match,"Metadata matches public record (title similarity 1.00). Abstract/snippet overlaps with claim terms: agents, complex, interact, market, multiple, represents, stock, systems.",crossref,0.727,supports,1.0,https://doi.org/10.21511/imfi.15(4).2018.10,crossref_doi,True
1.0,existing_finance_evomarket,Muyao Zhong; Zhenhua Yang; Yuxiang Liu; Ke Tang; Peng Yang,EvoMarket: A High-Fidelity and Scalable Financial Market Simulator,2026,C003,"Prior work reports that High-fidelity, scalable market simulation is a key instrument for mechanism evaluation, stress testing, and counterfactual policy analysis.",Green,,E034,exists,Finance / Simulation,"High-fidelity, scalable market simulation is a key instrument for mechanism evaluation, stress testing, and counterfactual policy analysis.",match,"Metadata matches public record (title similarity 1.00). Abstract/snippet overlaps with claim terms: counterfactual, evaluation, high-fidelity, instrument, key, market, mechanism, policy.",openalex,0.8,supports,1.0,https://arxiv.org/abs/2604.18046,openalex_title,True
1.0,existing_finance_evomarket,M. Jaraíz; R. Pinacho,DEPLOYERS: An agent based modeling tool for multi country real world data,2024,C004,"Prior work reports that We present recent progress in the design and development of DEPLOYERS, an agent-based macroeconomics modeling (ABM) framework, capable to deploy and simulate a full economic system (individual workers, goods and services firms, government, central and private banks, financial market, external sectors) whose structure and activity analysis reproduce the desired calibration data, that can be, for example a Social Accounting Matrix (SAM) or a Supply",Green,10.48550/arxiv.2409.04876,E035,exists,Finance / Simulation,"We present recent progress in the design and development of DEPLOYERS, an agent-based macroeconomics modeling (ABM) framework, capable to deploy and simulate a full economic system (individual workers, goods and services firms, government, central and private banks, financial market, external sectors) whose structure and activity analysis reproduce the desired calibration data, that can be, for example a Social Accounting Matrix (SAM) or a Supply-Use Table (SUT) or an Input-Output Table (IOT).He",match,"Metadata matches public record (title similarity 1.00). Abstract/snippet overlaps with claim terms: abm, accounting, activity, agent-based, banks, calibration, capable, central.",semantic_scholar,0.932,supports,1.0,http://arxiv.org/abs/2409.04876,openalex_title,True
1.0,existing_finance_evomarket,Chenkai Wang; Junji Ren; Peng Yang,Alleviating Nonidentifiability: A High-Fidelity Calibration Objective for Financial Market Simulation With Multivariate Time Series Data,2024,C005,"Prior work reports that The nonidentifiability (NI) issue has been frequently reported in social simulation works, where different parameters of an agent-based simulation model yield indistinguishable simulated time series data under certain discrepancy metrics.",Red,10.1109/tcss.2025.3574236,E036,exists,Finance / Simulation,"The nonidentifiability (NI) issue has been frequently reported in social simulation works, where different parameters of an agent-based simulation model yield indistinguishable simulated time series data under certain discrepancy metrics.",mismatch,"Year mismatch: cited 2024, public record 2025. Abstract/snippet overlaps with claim terms: agent-based, been, certain, different, discrepancy, frequently, has, indistinguishable.",semantic_scholar,0.875,supports,1.0,https://doi.org/10.1109/tcss.2025.3574236,crossref_doi,False
1.0,existing_finance_evomarket,M. Zaffar; Ram L. Kumar; Kexin Zhao,Competitive dynamics in a multi-sided mobile payment platform market: an agent-based modeling perspective,2024,C006,Prior work reports that PurposeThe purpose of this research is to develop a comprehensive model to better understand competitive dynamics between mobile payment providers in a multi-sided market featuring customers and merchants.,Green,10.1108/ijbm-11-2023-0610,E037,exists,Finance / Simulation,Purpose The purpose of this research is to develop a comprehensive model to better understand competitive dynamics between mobile payment providers in a multi-sided market featuring customers and merchants.,match,"Metadata matches public record (title similarity 1.00). Abstract/snippet overlaps with claim terms: better, competitive, comprehensive, customers, develop, dynamics, featuring, market.",semantic_scholar,0.789,supports,1.0,https://doi.org/10.1108/ijbm-11-2023-0610,crossref_doi,True
1.0,boundary_bad_citation,Michael Green; Matthew Holman; Chloë Julius,Cases of citation,2024,C001,Prior work reports that the paper titled 'Cases of citation' is relevant to the retrieved topic.,Yellow,10.7765/9781526173195.00008,E032,exists,Boundary Case,Cases of citation,match,"Metadata matches public record (title similarity 1.00). The citation exists, but no sufficiently detailed abstract/snippet is available for concrete support.",crossref,0.5,partial_or_uncertain,1.0,https://doi.org/10.7765/9781526173195.00008,crossref_doi,True
1.0,boundary_bad_citation,Roderic Page,iTunes and citation metadata.,2007,C002,Prior work reports that Stumbled across a really nice paper (Why can't I manage academic papers like MP3s?) while reading commentary on Tim O'Reilley's post about FreeBase.,Green,10.59350/1jren-qwn76,E033,exists,Boundary Case,Stumbled across a really nice paper (Why can't I manage academic papers like MP3s?) while reading commentary on Tim O'Reilley's post about FreeBase.,match,"Metadata matches public record (title similarity 1.00). Abstract/snippet overlaps with claim terms: academic, commentary, freebase, like, manage, mp3s, nice, papers.",crossref,0.833,supports,1.0,https://doi.org/10.59350/1jren-qwn76,crossref_doi,True
1.0,boundary_bad_citation,Roderic Page,iTunes and citation metadata.,2007,C003,Prior work reports that Stumbled across a really nice paper (Why can't I manage academic papers like MP3s?) while reading commentary on Tim O'Reilley's post about FreeBase.,Green,10.59350/sqf4z-mmp59,E034,exists,Boundary Case,Stumbled across a really nice paper (Why can't I manage academic papers like MP3s?) while reading commentary on Tim O'Reilley's post about FreeBase.,match,"Metadata matches public record (title similarity 1.00). Abstract/snippet overlaps with claim terms: academic, commentary, freebase, like, manage, mp3s, nice, papers.",crossref,0.833,supports,1.0,https://doi.org/10.59350/sqf4z-mmp59,crossref_doi,True
1.0,boundary_bad_citation,Joana Sócrates Dantas; Regina Melo Silveira,Virtual Communities as Contributors for Digital Objects Metadata Generation,2012,C004,Prior work reports that Description of online digital content is currently extremely necessary to facilitate a diverse amount of resource sharing over the internet.,Green,10.4018/978-1-4666-0312-7.ch004,E035,exists,Boundary Case,Description of online digital content is currently extremely necessary to facilitate a diverse amount of resource sharing over the internet.,match,"Metadata matches public record (title similarity 1.00). Abstract/snippet overlaps with claim terms: amount, content, currently, description, digital, diverse, extremely, facilitate.",crossref,0.824,supports,1.0,https://doi.org/10.4018/978-1-4666-0312-7.ch004,crossref_doi,True
1.0,boundary_bad_citation,Junichiro Niimi,Cross-Model Memorization Thresholds in Citation Generation: Evidence from Field-Level Cloze on Bibliographic Records,2026,C005,"Prior work reports that Abstract Large language models (LLMs) reproduce some bibliographic records verbatim while fabricating others, with reproduction probability scaling in pretraining frequency and citation count as the standard proxy.",Green,10.21203/rs.3.rs-9733633/v1,E036,exists,Boundary Case,"Abstract Large language models (LLMs) reproduce some bibliographic records verbatim while fabricating others, with reproduction probability scaling in pretraining frequency and citation count as the standard proxy.",match,"Metadata matches public record (title similarity 1.00). Abstract/snippet overlaps with claim terms: abstract, bibliographic, citation, count, fabricating, frequency, language, llms.",crossref,0.955,supports,1.0,https://doi.org/10.21203/rs.3.rs-9733633/v1,crossref_doi,True
1.0,boundary_bad_citation,Haokun Liu; Yangqiaoyu Zhou; Mingxuan Li; Chenfei Yuan; Chenhao Tan,Literature Meets Data: A Synergistic Approach to Hypothesis Generation,2024,C006,"Prior work reports that AI holds promise for transforming scientific processes, including hypothesis generation.",Red,10.18653/v1/2025.acl-long.12,E037,exists,Boundary Case,"AI holds promise for transforming scientific processes, including hypothesis generation.",mismatch,"Year mismatch: cited 2024, public record 2025. Abstract/snippet overlaps with claim terms: generation, holds, hypothesis, including, prior, processes, promise, scientific.",arxiv,0.909,supports,1.0,https://doi.org/10.18653/v1/2025.acl-long.12,crossref_title,False
0.0,boundary_bad_citation,No Such Author,Clearly Nonexistent Citation Verification Paper for Boundary Demo,2099,C007,Boundary-case claim: this deliberately invalid citation is included to demonstrate Red labeling when a cited work cannot be found.,Red,INTENTIONALLY_INVALID_DOI_FOR_DEMO,E038,not_found,Boundary Case,,unknown,Invalid DOI format: INTENTIONALLY_INVALID_DOI_FOR_DEMO,manual_boundary_case,0.0,not_supported,0.0,,doi_format_check,False
1.0,neuroscience_deeplabcut,Hugo Geerts; John P. Wikswo; Piet H. van der Graaf; Jane P. F. Bai; Chris Gaiteri; David A. Bennett; Susanne E. Swalley; Edgar Schuck; Rima Kaddurah‐Daouk; Katya Tsaioun; Mary Ann Pelleymounter,"Quantitative Systems Pharmacology for Neuroscience Drug Discovery and Development: Current Status, Opportunities, and Challenges",2019,C001,Prior work reports that The substantial progress made in the basic sciences of the brain has yet to be adequately translated to successful clinical therapeutics to treat central nervous system (CNS) diseases.,Red,10.1002/psp4.12478,E038,exists,Neuroscience / Behavior,The substantial progress made in the basic sciences of the brain has yet to be adequately translated to successful clinical therapeutics to treat central nervous system (CNS) diseases.,mismatch,"Year mismatch: cited 2019, public record 2020. Abstract/snippet overlaps with claim terms: adequately, basic, brain, central, clinical, cns, diseases, has.",openalex,0.864,supports,1.0,https://doi.org/10.1002/psp4.12478,crossref_doi,False
1.0,neuroscience_deeplabcut,Parsa Seyfourian; Lydia C. Marks; Leslie D. Claar; Yasmeen Nahas; Miles Keating; Christof Koch; Irene Rembado,"Pupil-DLC: an open-source deep learning pipeline for scalable, markerless tracking of pupil dynamics across conscious and unconscious states",2026,C002,"Prior work reports that Abstract Pupil diameter provides a powerful, non-invasive biomarker of brain state, correlating with arousal, attention, cognitive processing, and level of consciousness.",Green,10.64898/2026.01.18.700183,E039,exists,Neuroscience / Behavior,"Abstract Pupil diameter provides a powerful, non-invasive biomarker of brain state, correlating with arousal, attention, cognitive processing, and level of consciousness.",match,"Metadata matches public record (title similarity 1.00). Abstract/snippet overlaps with claim terms: abstract, arousal, attention, biomarker, brain, cognitive, consciousness, correlating.",crossref,0.842,supports,1.0,https://doi.org/10.64898/2026.01.18.700183,crossref_doi,True
1.0,neuroscience_deeplabcut,Brandon Forys; Dongsheng Xiao; Pankaj Gupta; Jamie D Boyd; Timothy H Murphy,Real-time markerless video tracking of body parts in mice using deep neural networks,2018,C003,"Prior work reports that ABSTRACT Markerless and accurate tracking of mouse movement is of interest to many biomedical, pharmaceutical, and behavioral science applications.",Green,10.1101/482349,E040,exists,Neuroscience / Behavior,"ABSTRACT Markerless and accurate tracking of mouse movement is of interest to many biomedical, pharmaceutical, and behavioral science applications.",match,"Metadata matches public record (title similarity 1.00). Abstract/snippet overlaps with claim terms: abstract, accurate, applications, behavioral, biomedical, interest, markerless, mouse.",crossref,0.8,supports,1.0,https://doi.org/10.1101/482349,crossref_doi,True
1.0,neuroscience_deeplabcut,Laurence Rosier,Identités numériques sur facebook : idiolectes et postures en question,2020,C004,"Prior work reports that Dans cette contribution, je m’applique à décrire un profil Facebook particulier à partir de mon expérience de terrain ethnographique des réseaux sociaux et selon des critères socio-énonciatifs.",Green,10.4000/corela.12517,E041,exists,Neuroscience / Behavior,"Dans cette contribution, je m’applique à décrire un profil Facebook particulier à partir de mon expérience de terrain ethnographique des réseaux sociaux et selon des critères socio-énonciatifs.",match,"Metadata matches public record (title similarity 1.00). Abstract/snippet overlaps with claim terms: applique, cette, contribution, crire, crit, dans, des, ethnographique.",crossref,0.88,supports,1.0,https://doi.org/10.4000/corela.12517,crossref_doi,True
1.0,neuroscience_deeplabcut,National Cancer Institute,Dana-Farber/Harvard Cancer Center,2020,C005,Prior work reports that Dana-Farber/Harvard Cancer Center,Yellow,10.32388/m0n6zf,E042,exists,Neuroscience / Behavior,Dana-Farber/Harvard Cancer Center,match,"Metadata matches public record (title similarity 1.00). The citation exists, but no sufficiently detailed abstract/snippet is available for concrete support.",crossref,1.0,partial_or_uncertain,1.0,https://doi.org/10.32388/m0n6zf,crossref_doi,True
1.0,neuroscience_deeplabcut,Julius Berner; Philipp Grohs; Gitta Kutyniok; Philipp Petersen,The Modern Mathematics of Deep Learning,2021,C006,Prior work reports that We describe the new field of mathematical analysis of deep learning.,Red,10.1017/9781009025096.002,E043,exists,Neuroscience / Behavior,We describe the new field of mathematical analysis of deep learning.,mismatch,"Year mismatch: cited 2021, public record 2022. Abstract/snippet overlaps with claim terms: deep, describe, field, learning, mathematical, new.",arxiv,0.667,supports,1.0,https://doi.org/10.1017/9781009025096.002,crossref_title,False
