case_id,cited_title,claim_id,claim_text,color_label,field,hypothesis_id,manual_review_required,reason,source_evidence_ids,source_locations,support_category,tool_call_ids,verification_evidence_id
ai_transformer_attention,Columbine’s Challenge: A Call to Pay Attention to Our Students,C001,"Prior work reports that Presents a call to action to all adults who impact the lives of students to make the time to pay attention to students, encourage their strengths, promote their learning, and model considerate and pro-social behavior—to notice them and talk to them.",Green,NLP / AI,H001,False,"Metadata matches public record (title similarity 1.00). Abstract/snippet overlaps with claim terms: action, adults, all, attention, behavior, call, considerate, encourage.",E021,E021 crossref 10.58680/vm19992276 https://doi.org/10.58680/vm19992276 | E038 crossref_doi 10.58680/vm19992276 https://doi.org/10.58680/vm19992276,directly_supported,T028;T033,E038
ai_transformer_attention,Dilated Neighborhood Attention Transformer,C002,"Prior work reports that Transformers are quickly becoming one of the most heavily applied deep learning architectures across modalities, domains, and tasks.",Red,NLP / AI,H001,True,"Year mismatch: cited 2022, public record 2024. Abstract/snippet overlaps with claim terms: applied, architectures, becoming, deep, domains, heavily, learning, modalities.",E002,E002 arxiv http://arxiv.org/abs/2209.15001v3 http://arxiv.org/abs/2209.15001v3 | E039 crossref_title Dilated Neighborhood Attention Transformer https://doi.org/10.1117/1.jei.33.2.023003,insufficient_or_unsupported,T010;T034,E039
ai_transformer_attention,"Review of deep learning: concepts, CNN architectures, challenges, applications, future directions",C003,"Prior work reports that In the last few years, the deep learning (DL) computing paradigm has been deemed the Gold Standard in the machine learning (ML) community.",Green,NLP / AI,H002,False,"Metadata matches public record (title similarity 1.00). Abstract/snippet overlaps with claim terms: been, community, computing, deemed, deep, few, gold, has.",E003,E003 openalex 10.1186/s40537-021-00444-8 https://doi.org/10.1186/s40537-021-00444-8 | E040 crossref_doi 10.1186/s40537-021-00444-8 https://doi.org/10.1186/s40537-021-00444-8,directly_supported,T016;T035,E040
ai_transformer_attention,Limitations in our knowledge of the Sun’s variability and impact on stratospheric ozone,C004,Prior work reports that Changes in the Sun over the 11-year solar cycle modify the amount of ozone in the atmosphere over the tropics above 20 km.,Green,NLP / AI,H002,False,"Metadata matches public record (title similarity 1.00). Abstract/snippet overlaps with claim terms: amount, atmosphere, changes, cycle, modify, over, ozone, solar.",E022,E022 crossref 10.37207/cra.1.1 https://doi.org/10.37207/cra.1.1 | E041 crossref_doi 10.37207/cra.1.1 https://doi.org/10.37207/cra.1.1,directly_supported,T028;T036,E041
ai_transformer_attention,"Which academic search systems are suitable for systematic reviews or meta‐analyses? Evaluating retrieval qualities of Google Scholar, PubMed, and 26 other resources",C005,"Prior work reports that Rigorous evidence identification is essential for systematic reviews and meta-analyses (evidence syntheses) because the sample selection of relevant studies determines a review's outcome, validity, and explanatory power.",Red,NLP / AI,H003,True,"Year mismatch: cited 2019, public record 2020. Abstract/snippet overlaps with claim terms: determines, essential, evidence, explanatory, identification, outcome, power, relevant.",E023,E023 openalex 10.1002/jrsm.1378 https://doi.org/10.1002/jrsm.1378 | E042 crossref_doi 10.1002/jrsm.1378 https://doi.org/10.1002/jrsm.1378,insufficient_or_unsupported,T025;T037,E042
ai_transformer_attention,Dual Cross-Attention for Medical Image Segmentation,C006,"Prior work reports that We propose Dual Cross-Attention (DCA), a simple yet effective attention module that is able to enhance skip-connections in U-Net-based architectures for medical image segmentation.",Red,NLP / AI,H003,True,"Year mismatch: cited 2023, public record 2025. Abstract/snippet overlaps with claim terms: able, architectures, attention, cross-attention, dca, dual, effective, enhance.",E024,E024 arxiv http://arxiv.org/abs/2303.17696v1 http://arxiv.org/abs/2303.17696v1 | E043 crossref_title Dual Cross-Attention for Medical Image Segmentation https://doi.org/10.1016/j.patrec.2025.08.018,insufficient_or_unsupported,T027;T038,E043
ai_rag_knowledge_nlp,LLaMP: Large Language Model Made Powerful for High-fidelity Materials Knowledge Retrieval and Distillation,C001,"Prior work reports that Reducing hallucination of Large Language Models (LLMs) is imperative for use in the sciences, where reliability and reproducibility are crucial.",Red,NLP / RAG,H001,True,"DOI resolves to a different record. Abstract/snippet overlaps with claim terms: crucial, hallucination, imperative, language, llms, reducing, reliability, reproducibility.",E002,E002 openalex 10.48550/arxiv.2401.17244 http://arxiv.org/abs/2401.17244 | E029 crossref_title 10.48550/arxiv.2401.17244 https://doi.org/10.18653/v1/2025.emnlp-main.1280,insufficient_or_unsupported,T008;T033,E029
ai_rag_knowledge_nlp,Retrieval-Augmented Generation for Knowledge-Intensive NLP Tasks,C002,"Prior work reports that Large pre-trained language models have been shown to store factual knowledge in their parameters, and achieve state-of-the-art results when fine-tuned on downstream NLP tasks.",Red,NLP / RAG,H001,True,"Year mismatch: cited 2020, public record 2026. Abstract/snippet overlaps with claim terms: achieve, been, downstream, factual, fine-tuned, knowledge, language, nlp.",E003,E003 openalex https://discovery.ucl.ac.uk/id/eprint/10100504/ https://discovery.ucl.ac.uk/id/eprint/10100504/ | E030 crossref_title Retrieval-Augmented Generation for Knowledge-Intensive NLP Tasks https://doi.org/10.18653/v1/2026.findings-eacl.35,insufficient_or_unsupported,T008;T034,E030
ai_rag_knowledge_nlp,A Simple Survey of Pre-trained Language Models,C003,Prior work reports that Pre-trained Language Models (PTLM) have remarkable and successful performance in solving lots of NLP tasks nowadays.,Green,NLP / RAG,H002,False,"Metadata matches public record (title similarity 1.00). Abstract/snippet overlaps with claim terms: language, lots, nlp, nowadays, performance, pre-trained, ptlm, remarkable.",E004,E004 crossref 10.20944/preprints202208.0238.v1 https://doi.org/10.20944/preprints202208.0238.v1 | E031 crossref_doi 10.20944/preprints202208.0238.v1 https://doi.org/10.20944/preprints202208.0238.v1,directly_supported,T015;T035,E031
ai_rag_knowledge_nlp,Evaluation of search-enabled Pre-trained Large Language Models on retrieval tasks for the PubChem Database,C004,"Prior work reports that ABSTRACT Databases are indispensable in biological and biomedical research, hosting vast amounts of structured and unstructured data, facilitating the organization, retrieval, and analysis of complex data.",Green,NLP / RAG,H002,False,"Metadata matches public record (title similarity 1.00). Abstract/snippet overlaps with claim terms: abstract, amounts, biological, biomedical, complex, databases, facilitating, hosting.",E005,E005 crossref 10.1101/2024.08.15.608120 https://doi.org/10.1101/2024.08.15.608120 | E032 crossref_doi 10.1101/2024.08.15.608120 https://doi.org/10.1101/2024.08.15.608120,directly_supported,T003;T036,E032
ai_rag_knowledge_nlp,What Makes Good In-Context Examples for GPT-$3$?,C005,"Prior work reports that GPT-$3$ has attracted lots of attention due to its superior performance across a wide range of NLP tasks, especially with its powerful and versatile in-context few-shot learning ability.",Red,NLP / RAG,H003,True,"DOI resolves to a different record. Abstract/snippet overlaps with claim terms: ability, attention, attracted, due, especially, few-shot, gpt, has.",E006,E006 openalex 10.48550/arxiv.2101.06804 http://arxiv.org/abs/2101.06804 | E033 crossref_title 10.48550/arxiv.2101.06804 https://doi.org/10.18653/v1/2022.deelio-1.10,insufficient_or_unsupported,T004;T037,E033
ai_rag_knowledge_nlp,Automated Literature Review Using NLP Techniques and LLM-Based Retrieval-Augmented Generation,C006,Prior work reports that This research presents and compares multiple approaches to automate the generation of literature reviews using several Natural Language Processing (NLP) techniques and retrieval-augmented generation (RAG) with a Large Language Model (LLM).,Green,NLP / RAG,H003,False,"Metadata matches public record (title similarity 1.00). Abstract/snippet overlaps with claim terms: approaches, automate, compares, generation, language, literature, llm, multiple.",E007,E007 arxiv http://arxiv.org/abs/2411.18583v1 http://arxiv.org/abs/2411.18583v1 | E034 crossref_title Automated Literature Review Using NLP Techniques and LLM-Based Retrieval-Augmented Generation https://doi.org/10.1109/iciset62123.2024.10939517,directly_supported,T006;T038,E034
medical_chexnet,Pneumonia Detection from Chest X-rays Using the CheXNet Deep Learning Algorithm,C001,Prior work reports that - Early and accurate detection of pneumonia from chest X-ray images is crucial for timely treatment and patient care.,Green,Medical AI,H001,False,"Metadata matches public record (title similarity 1.00). Abstract/snippet overlaps with claim terms: accurate, care, chest, crucial, detection, early, images, patient.",E002,E002 crossref 10.20944/preprints202407.0104.v1 https://doi.org/10.20944/preprints202407.0104.v1 | E026 crossref_doi 10.20944/preprints202407.0104.v1 https://doi.org/10.20944/preprints202407.0104.v1,directly_supported,T003;T033,E026
medical_chexnet,CheXNet: Radiologist-Level Pneumonia Detection on Chest X-Rays with Deep\n Learning,C002,Prior work reports that We develop an algorithm that can detect pneumonia from chest X-rays at a\nlevel exceeding practicing radiologists.,Red,Medical AI,H001,True,"DOI resolves to a different record. Abstract/snippet overlaps with claim terms: algorithm, chest, pneumonia, radiologists, x-rays.",E003,E003 openalex 10.48550/arxiv.1711.05225 http://arxiv.org/abs/1711.05225 | E027 crossref_title 10.48550/arxiv.1711.05225 https://doi.org/10.20944/preprints202407.0104.v1,insufficient_or_unsupported,T004;T034,E027
medical_chexnet,CheXNet: Radiologist-Level Pneumonia Detection on Chest X-Rays with Deep Learning,C003,Prior work reports that We develop an algorithm that can detect pneumonia from chest X-rays at a level exceeding practicing radiologists.,Red,Medical AI,H002,True,"Year mismatch: cited 2017, public record 2024. Abstract/snippet overlaps with claim terms: algorithm, chest, pneumonia, radiologists, x-rays.",E004,E004 arxiv http://arxiv.org/abs/1711.05225v3 http://arxiv.org/abs/1711.05225v3 | E028 crossref_title CheXNet: Radiologist-Level Pneumonia Detection on Chest X-Rays with Deep Learning https://doi.org/10.20944/preprints202407.0104.v1,insufficient_or_unsupported,T006;T035,E028
medical_chexnet,Diagnostic performance of deep learning models versus radiologists in COVID-19 pneumonia: A systematic review and meta-analysis.,C004,"Prior work reports that PURPOSE Although several studies have compared the performance of deep learning (DL) models and radiologists for the diagnosis of COVID-19 pneumonia on CT of the chest, these results have not been collectively evaluated.",Green,Medical AI,H002,False,"Metadata matches public record (title similarity 1.00). Abstract/snippet overlaps with claim terms: although, been, chest, collectively, compared, covid-19, deep, diagnosis.",E005,E005 semantic_scholar 10.1016/j.clinimag.2024.110092 https://www.semanticscholar.org/paper/2fdca9ace971ebe8e9462a87a0d7f14723ea5b2d | E029 crossref_doi 10.1016/j.clinimag.2024.110092 https://doi.org/10.1016/j.clinimag.2024.110092,directly_supported,T017;T036,E029
medical_chexnet,ChronoXFormer: A Reproducible Longitudinal Vison Transformer Method for Pneumonia Progression from Chest X-rays,C005,"Prior work reports that This paper presents ChronoXFormer, a novel computer-aided diagnostic (CAD) framework designed to model pneumonia progression using longitudinal chest X-ray image sequences.",Green,Medical AI,H003,False,"Metadata matches public record (title similarity 1.00). Abstract/snippet overlaps with claim terms: cad, chest, chronoxformer, computer-aided, designed, diagnostic, framework, image.",E017,E017 crossref 10.2139/ssrn.6271058 https://doi.org/10.2139/ssrn.6271058 | E030 crossref_doi 10.2139/ssrn.6271058 https://doi.org/10.2139/ssrn.6271058,directly_supported,T020;T037,E030
medical_chexnet,Weakly Supervised Pneumonia Localization from Chest X-Rays Using Deep Neural Network and Grad-CAM Explanations,C006,"Prior work reports that Chest X-ray imaging is commonly used to diagnose pneumonia, but accurately localizing the pneumonia-affected regions typically requires detailed pixel-level annotations, which are costly and time consuming to obtain.",Green,Medical AI,H003,False,"Metadata matches public record (title similarity 1.00). Abstract/snippet overlaps with claim terms: accurately, annotations, chest, commonly, consuming, costly, detailed, diagnose.",E006,E006 arxiv http://arxiv.org/abs/2511.00456v5 http://arxiv.org/abs/2511.00456v5 | E031 crossref_title Weakly Supervised Pneumonia Localization from Chest X-Rays Using Deep Neural Network and Grad-CAM Explanations https://doi.org/10.54364/jaiai.2024.1126,directly_supported,T006;T038,E031
finance_finrl,FinRL: A Deep Reinforcement Learning Library for Automated Stock Trading in Quantitative Finance,C001,"Prior work reports that As deep reinforcement learning (DRL) has been recognized as an effective approach in quantitative finance, getting hands-on experiences is attractive to beginners.",Red,Quantitative Finance,H001,True,"DOI resolves to a different record. Abstract/snippet overlaps with claim terms: approach, attractive, been, beginners, deep, drl, effective, experiences.",E004,E004 openalex 10.48550/arxiv.2011.09607 http://arxiv.org/abs/2011.09607 | E025 crossref_title 10.48550/arxiv.2011.09607 https://doi.org/10.2139/ssrn.3737257,insufficient_or_unsupported,T012;T033,E025
finance_finrl,FinRL: A Deep Reinforcement Learning Library for Automated Stock Trading in Quantitative Finance,C002,Prior work reports that the paper titled 'FinRL: A Deep Reinforcement Learning Library for Automated Stock Trading in Quantitative Finance' is relevant to the retrieved topic.,Yellow,Quantitative Finance,H001,True,"Metadata matches public record (title similarity 1.00). The citation exists, but no sufficiently detailed abstract/snippet is available for concrete support.",E002,E002 crossref 10.2139/ssrn.3737257 https://doi.org/10.2139/ssrn.3737257 | E026 crossref_doi 10.2139/ssrn.3737257 https://doi.org/10.2139/ssrn.3737257,reasonable_inference_or_uncertain,T003;T034,E026
finance_finrl,FinRL: A Deep Reinforcement Learning Library for Automated Stock Trading in Quantitative Finance,C003,Prior work reports that the paper titled 'FinRL: A Deep Reinforcement Learning Library for Automated Stock Trading in Quantitative Finance' is relevant to the retrieved topic.,Yellow,Quantitative Finance,H002,True,"Metadata matches public record (title similarity 1.00). The citation exists, but no sufficiently detailed abstract/snippet is available for concrete support.",E003,E003 crossref 10.2139/ssrn.3737859 https://doi.org/10.2139/ssrn.3737859 | E027 crossref_doi 10.2139/ssrn.3737859 https://doi.org/10.2139/ssrn.3737859,reasonable_inference_or_uncertain,T003;T035,E027
finance_finrl,FinRL: A Deep Reinforcement Learning Library for Automated Stock Trading in Quantitative Finance,C004,"Prior work reports that As deep reinforcement learning (DRL) has been recognized as an effective approach in quantitative finance, getting hands-on experiences is attractive to beginners.",Green,Quantitative Finance,H002,False,"Metadata matches public record (title similarity 1.00). Abstract/snippet overlaps with claim terms: approach, attractive, been, beginners, deep, drl, effective, experiences.",E005,E005 arxiv http://arxiv.org/abs/2011.09607v2 http://arxiv.org/abs/2011.09607v2 | E028 crossref_title FinRL: A Deep Reinforcement Learning Library for Automated Stock Trading in Quantitative Finance https://doi.org/10.2139/ssrn.3737257,directly_supported,T010;T036,E028
finance_finrl,FinRL: Deep Reinforcement Learning Framework to Automate Trading in Quantitative Finance,C005,Prior work reports that Deep reinforcement learning (DRL) has been envisioned to have a competitive edge in quantitative finance.,Green,Quantitative Finance,H003,False,"Metadata matches public record (title similarity 1.00). Abstract/snippet overlaps with claim terms: been, competitive, deep, drl, edge, envisioned, finance, has.",E006,E006 arxiv http://arxiv.org/abs/2111.09395v1 http://arxiv.org/abs/2111.09395v1 | E029 crossref_title FinRL: Deep Reinforcement Learning Framework to Automate Trading in Quantitative Finance https://doi.org/10.2139/ssrn.3955949,directly_supported,T010;T037,E029
finance_finrl,"An Overview of Machine Learning, Deep Learning, and Reinforcement Learning-Based Techniques in Quantitative Finance: Recent Progress and Challenges",C006,"Prior work reports that Forecasting the behavior of the stock market is a classic but difficult topic, one that has attracted the interest of both economists and computer scientists.",Green,Quantitative Finance,H003,False,"Metadata matches public record (title similarity 1.00). Abstract/snippet overlaps with claim terms: attracted, behavior, both, classic, computer, difficult, economists, forecasting.",E007,E007 openalex 10.3390/app13031956 https://doi.org/10.3390/app13031956 | E030 crossref_doi 10.3390/app13031956 https://doi.org/10.3390/app13031956,directly_supported,T016;T038,E030
physics_gravitational_waves,Observation of Gravitational Waves from a Binary Black Hole Merger,C001,"Prior work reports that Albert Einstein's general theory of relativity, first published a century ago, was described by physicist Max Born as ""the greatest feat of human thinking about nature.""We report on two major scientific breakthroughs involving key predictions of Einstein's theory: the first direct detection of gravitational waves and the first observation of the collision and merger of a pair of black holes.",Green,Physics,H001,False,"Metadata matches public record (title similarity 1.00). Abstract/snippet overlaps with claim terms: ago, albert, black, born, breakthroughs, century, collision, described.",E002,E002 crossref 10.1142/9789814699662_0011 https://doi.org/10.1142/9789814699662_0011 | E038 crossref_doi 10.1142/9789814699662_0011 https://doi.org/10.1142/9789814699662_0011,directly_supported,T003;T033,E038
physics_gravitational_waves,Reproducing GW150914: The First Observation of Gravitational Waves From a Binary Black Hole Merger,C002,"Prior work reports that In 2016, LIGO and Virgo announced the first observation of gravitational waves from a binary black hole merger, known as GW150914.",Red,Physics,H001,True,"Year mismatch: cited 2020, public record 2021. Abstract/snippet overlaps with claim terms: announced, binary, black, first, gravitational, gw150914, hole, known.",E003,E003 semantic_scholar 10.1109/MCSE.2021.3059232 https://www.semanticscholar.org/paper/8d7f03c75bdb21d9a981cde8ae6a8359be2a67f8 | E039 crossref_doi 10.1109/MCSE.2021.3059232 https://doi.org/10.1109/mcse.2021.3059232,insufficient_or_unsupported,T005;T034,E039
physics_gravitational_waves,Observation of Gravitational Waves from a Binary Black Hole Merger,C003,"Prior work reports that On September 14, 2015 at 09:50:45 UTC the two detectors of the Laser Interferometer Gravitational-Wave Observatory simultaneously observed a transient gravitational-wave signal.",Green,Physics,H002,False,"Metadata matches public record (title similarity 1.00). Abstract/snippet overlaps with claim terms: detectors, gravitational-wave, interferometer, laser, observatory, observed, september, signal.",E004,E004 openalex 10.1103/physrevlett.116.061102 https://doi.org/10.1103/physrevlett.116.061102 | E040 crossref_doi 10.1103/physrevlett.116.061102 https://doi.org/10.1103/physrevlett.116.061102,directly_supported,T008;T035,E040
physics_gravitational_waves,Computational techniques for parameter estimation of gravitational wave signals,C004,"Prior work reports that Abstract Since the very first detection of gravitational waves from the coalescence of two black holes in 2015, Bayesian statistical methods have been routinely applied by LIGO and Virgo to extract the signal out of noisy interferometric measurements, obtain point estimates of the physical parameters responsible for producing the signal, and rigorously quantify their uncertainties.",Red,Physics,H002,True,"Year mismatch: cited 2020, public record 2022. Abstract/snippet overlaps with claim terms: abstract, applied, bayesian, been, black, coalescence, detection, estimates.",E023,E023 openalex 10.1002/wics.1532 https://doi.org/10.1002/wics.1532 | E041 crossref_doi 10.1002/wics.1532 https://doi.org/10.1002/wics.1532,insufficient_or_unsupported,T025;T036,E041
physics_gravitational_waves,Self-force and radiation reaction in general relativity,C005,Prior work reports that The detection of gravitational waves from binary black-hole mergers by the LIGO-Virgo Collaboration marks the dawn of an era when general-relativistic dynamics in its most extreme manifestation is directly accessible to observation.,Red,Physics,H003,True,"Year mismatch: cited 2018, public record 2019. Abstract/snippet overlaps with claim terms: accessible, binary, black-hole, collaboration, dawn, detection, directly, dynamics.",E005,E005 openalex 10.1088/1361-6633/aae552 https://doi.org/10.1088/1361-6633/aae552 | E042 crossref_doi 10.1088/1361-6633/aae552 https://doi.org/10.1088/1361-6633/aae552,insufficient_or_unsupported,T016;T037,E042
physics_gravitational_waves,Deep neural networks to enable real-time multimessenger astrophysics,C006,Prior work reports that Gravitational wave astronomy has set in motion a scientific revolution.,Green,Physics,H003,False,"Metadata matches public record (title similarity 1.00). Abstract/snippet overlaps with claim terms: astronomy, gravitational, has, motion, revolution, scientific, set, wave.",E024,E024 openalex 10.1103/physrevd.97.044039 https://doi.org/10.1103/physrevd.97.044039 | E043 crossref_doi 10.1103/physrevd.97.044039 https://doi.org/10.1103/physrevd.97.044039,directly_supported,T021;T038,E043
materials_megnet,Graph Networks as a Universal Machine Learning Framework for Molecules and Crystals,C001,Prior work reports that Graph networks are a new machine learning (ML) paradigm that supports both relational reasoning and combinatorial generalization.,Green,Materials Science,H001,False,"Metadata matches public record (title similarity 1.00). Abstract/snippet overlaps with claim terms: both, combinatorial, generalization, graph, learning, machine, networks, new.",E002,E002 openalex 10.1021/acs.chemmater.9b01294 https://doi.org/10.1021/acs.chemmater.9b01294 | E036 crossref_doi 10.1021/acs.chemmater.9b01294 https://doi.org/10.1021/acs.chemmater.9b01294,directly_supported,T004;T033,E036
materials_megnet,DenseGNN: universal and scalable deeper graph neural networks for high-performance property prediction in crystals and molecules,C002,Prior work reports that Abstract Modern deep learning-driven generative models have made it possible to design millions of hypothetical materials.,Green,Materials Science,H001,False,"Metadata matches public record (title similarity 1.00). Abstract/snippet overlaps with claim terms: abstract, deep, design, generative, hypothetical, learning-driven, made, materials.",E003,E003 crossref 10.21203/rs.3.rs-4173966/v1 https://doi.org/10.21203/rs.3.rs-4173966/v1 | E037 crossref_doi 10.21203/rs.3.rs-4173966/v1 https://doi.org/10.21203/rs.3.rs-4173966/v1,directly_supported,T003;T034,E037
materials_megnet,Examining the Influence of Graph Representation on Property Prediction of Polymorphic Organic Molecular Crystals,C003,"Prior work reports that Organic semiconductors (OSCs) can exhibit polymorphism, which may impact the physichochemical properties of the material, including the bandgap.",Green,Materials Science,H002,False,"Metadata matches public record (title similarity 1.00). Abstract/snippet overlaps with claim terms: bandgap, exhibit, impact, including, material, may, organic, oscs.",E004,E004 crossref 10.26434/chemrxiv-2025-9xjh5 https://doi.org/10.26434/chemrxiv-2025-9xjh5 | E038 crossref_doi 10.26434/chemrxiv-2025-9xjh5 https://doi.org/10.26434/chemrxiv-2025-9xjh5,directly_supported,T007;T035,E038
materials_megnet,Formation of Bragg Band Gaps in Anisotropic Phononic Crystals Analyzed With the Empty Lattice Model,C004,"Prior work reports that Bragg band gaps of phononic crystals generally, but not always, open at Brillouin zone boundaries.",Green,Materials Science,H002,False,"Metadata matches public record (title similarity 1.00). Abstract/snippet overlaps with claim terms: always, band, boundaries, bragg, brillouin, crystals, gaps, generally.",E005,E005 crossref 10.3390/cryst6050052 https://doi.org/10.3390/cryst6050052 | E039 crossref_doi 10.3390/cryst6050052 https://doi.org/10.3390/cryst6050052,directly_supported,T011;T036,E039
materials_megnet,Orbital Graph Convolutional Neural Network for Material Property Prediction,C005,Prior work reports that Material representations that are compatible with machine learning models play a key role in developing models that exhibit high accuracy for property prediction.,Green,Materials Science,H003,False,"Metadata matches public record (title similarity 1.00). Abstract/snippet overlaps with claim terms: accuracy, compatible, developing, exhibit, high, key, learning, machine.",E008,E008 arxiv http://arxiv.org/abs/2008.06415v1 http://arxiv.org/abs/2008.06415v1 | E040 crossref_title Orbital Graph Convolutional Neural Network for Material Property Prediction https://doi.org/10.1103/physrevmaterials.4.093801,directly_supported,T010;T037,E040
materials_megnet,Recent advances and applications of machine learning in solid-state materials science,C006,Prior work reports that Abstract One of the most exciting tools that have entered the material science toolbox in recent years is machine learning.,Green,Materials Science,H003,False,"Metadata matches public record (title similarity 1.00). Abstract/snippet overlaps with claim terms: abstract, entered, exciting, learning, machine, material, one, recent.",E006,E006 openalex 10.1038/s41524-019-0221-0 https://doi.org/10.1038/s41524-019-0221-0 | E041 crossref_doi 10.1038/s41524-019-0221-0 https://doi.org/10.1038/s41524-019-0221-0,directly_supported,T004;T038,E041
robotics_rt1,Diagnosing Non-Intermittent Anomalies in Reinforcement Learning Policy Executions (Short Paper),C001,"Prior work reports that Due to the safety risks and training sample inefficiency, it is often preferred to develop controllers in simulation.",Green,Robotics,H001,False,"Metadata matches public record (title similarity 1.00). Abstract/snippet overlaps with claim terms: controllers, develop, due, inefficiency, often, preferred, risks, safety.",E002,E002 openalex 10.4230/oasics.dx.2024.16 http://arxiv.org/abs/1707.06347 | E024 openalex_title 10.4230/oasics.dx.2024.16 http://arxiv.org/abs/1707.06347,directly_supported,T004;T033,E024
robotics_rt1,"Fraser, Julian Alexander, (Alex), (born 23 July 1959), Principal, ifs University College, since 2015",C002,"Prior work reports that Fraser, Julian Alexander, (Alex), (born 23 July 1959), Principal, ifs University College, since 2015",Yellow,Robotics,H001,True,"Metadata matches public record (title similarity 1.00). The citation exists, but no sufficiently detailed abstract/snippet is available for concrete support.",E003,E003 crossref 10.1093/ww/9780199540884.013.u29831 https://doi.org/10.1093/ww/9780199540884.013.u29831 | E025 crossref_doi 10.1093/ww/9780199540884.013.u29831 https://doi.org/10.1093/ww/9780199540884.013.u29831,reasonable_inference_or_uncertain,T003;T034,E025
robotics_rt1,"Fraser, Julian Alexander, (Alex), (born 23 July 1959), Chief Executive, London Institute of Banking & Finance (formerly ifs University College), since 2015",C003,"Prior work reports that Fraser, Julian Alexander, (Alex), (born 23 July 1959), Chief Executive, London Institute of Banking & Finance (formerly ifs University College), since 2015",Yellow,Robotics,H002,True,"Metadata matches public record (title similarity 1.00). The citation exists, but no sufficiently detailed abstract/snippet is available for concrete support.",E004,E004 crossref 10.1093/ww/9780199540884.013.29831 https://doi.org/10.1093/ww/9780199540884.013.29831 | E026 crossref_doi 10.1093/ww/9780199540884.013.29831 https://doi.org/10.1093/ww/9780199540884.013.29831,reasonable_inference_or_uncertain,T003;T035,E026
robotics_rt1,Installations and exhibits,C004,Prior work reports that the paper titled 'Installations and exhibits' is relevant to the retrieved topic.,Yellow,Robotics,H002,True,"Metadata matches public record (title similarity 1.00). The citation exists, but no sufficiently detailed abstract/snippet is available for concrete support.",E005,E005 crossref 10.5040/9781350927988.178 https://doi.org/10.5040/9781350927988.178 | E027 crossref_doi 10.5040/9781350927988.178 https://doi.org/10.5040/9781350927988.178,reasonable_inference_or_uncertain,T011;T036,E027
robotics_rt1,Installations and exhibits,C005,Prior work reports that the paper titled 'Installations and exhibits' is relevant to the retrieved topic.,Yellow,Robotics,H003,True,"Metadata matches public record (title similarity 1.00). The citation exists, but no sufficiently detailed abstract/snippet is available for concrete support.",E006,E006 crossref 10.5040/9781350927964.62 https://doi.org/10.5040/9781350927964.62 | E028 crossref_doi 10.5040/9781350927964.62 https://doi.org/10.5040/9781350927964.62,reasonable_inference_or_uncertain,T011;T037,E028
robotics_rt1,Embodied AI with Foundation Models for Mobile Service Robots: A Systematic Review,C006,"Prior work reports that Rapid advancements in foundation models, including Large Language Models, Vision-Language Models, Multimodal Large Language Models, and Vision-Language-Action Models, have opened new avenues for embodied AI in mobile service robotics.",Red,Robotics,H003,True,"Year mismatch: cited 2025, public record 2026. Abstract/snippet overlaps with claim terms: advancements, avenues, embodied, foundation, including, language, mobile, multimodal.",E007,E007 arxiv http://arxiv.org/abs/2505.20503v2 http://arxiv.org/abs/2505.20503v2 | E029 crossref_title Embodied AI with Foundation Models for Mobile Service Robots: A Systematic Review https://doi.org/10.3390/robotics15030055,insufficient_or_unsupported,T018;T038,E029
climate_remote_sensing_ai,satellite address,C001,Prior work reports that the paper titled 'satellite address' is relevant to the retrieved topic.,Yellow,Climate / Remote Sensing,H001,True,"Metadata matches public record (title similarity 1.00). The citation exists, but no sufficiently detailed abstract/snippet is available for concrete support.",E002,E002 crossref 10.1007/springerreference_23987 https://doi.org/10.1007/springerreference_23987 | E022 crossref_doi 10.1007/springerreference_23987 https://doi.org/10.1007/springerreference_23987,reasonable_inference_or_uncertain,T011;T033,E022
climate_remote_sensing_ai,Governance and Sustainable Development Goals (SDGs) for smart cities,C002,Prior work reports that Governance and Sustainable Development Goals (SDGs) for smart cities,Yellow,Climate / Remote Sensing,H001,True,"Metadata matches public record (title similarity 1.00). The citation exists, but no sufficiently detailed abstract/snippet is available for concrete support.",E003,E003 crossref 10.1016/b978-0-44-326594-5.00010-0 https://doi.org/10.1016/b978-0-44-326594-5.00010-0 | E023 crossref_doi 10.1016/b978-0-44-326594-5.00010-0 https://doi.org/10.1016/b978-0-44-326594-5.00010-0,reasonable_inference_or_uncertain,T007;T034,E023
climate_remote_sensing_ai,Geospatial Intelligence and Remote Sensing for Climate-Smart and Sustainable Agriculture,C003,"Prior work reports that In the context of global climate change, related threats for food security, and the need for rational land and water resources usage in order to provide environmental sustainability, agricultural sector of Ukrainian economy faces serious challenges.",Green,Climate / Remote Sensing,H002,False,"Metadata matches public record (title similarity 1.00). Abstract/snippet overlaps with claim terms: agricultural, challenges, change, climate, context, economy, environmental, faces.",E004,E004 crossref 10.70593/978-93-7185-854-0 https://doi.org/10.70593/978-93-7185-854-0 | E024 crossref_doi 10.70593/978-93-7185-854-0 https://doi.org/10.70593/978-93-7185-854-0,directly_supported,T015;T035,E024
climate_remote_sensing_ai,Remote Sensing Applications to Climate Change,C004,"Prior work reports that Climate change research remains a challenging task, as it requires vast quantities of long-term data to investigate the past, present, and future scenarios of Earth’s climate system and other biophysical systems at global to local scales [...]",Green,Climate / Remote Sensing,H002,False,"Metadata matches public record (title similarity 1.00). Abstract/snippet overlaps with claim terms: biophysical, challenging, change, climate, earth, future, global, investigate.",E005,E005 crossref 10.3390/rs15030747 https://doi.org/10.3390/rs15030747 | E025 crossref_doi 10.3390/rs15030747 https://doi.org/10.3390/rs15030747,directly_supported,T003;T036,E025
climate_remote_sensing_ai,Chapter 14: Applying Remote Sensing for Smart Cities,C005,Prior work reports that Chapter 14: Applying Remote Sensing for Smart Cities,Yellow,Climate / Remote Sensing,H003,True,"Metadata matches public record (title similarity 1.00). The citation exists, but no sufficiently detailed abstract/snippet is available for concrete support.",E006,E006 crossref 10.1515/9781501522840-016 https://doi.org/10.1515/9781501522840-016 | E026 crossref_doi 10.1515/9781501522840-016 https://doi.org/10.1515/9781501522840-016,reasonable_inference_or_uncertain,T015;T037,E026
climate_remote_sensing_ai,Smart Cities and Climate Resilience,C006,"Prior work reports that Smart cities integrate digital technology and data to improve urban life, streamline city operations, and secure long-term growth.",Green,Climate / Remote Sensing,H003,False,"Metadata matches public record (title similarity 1.00). Abstract/snippet overlaps with claim terms: cities, city, digital, growth, improve, integrate, life, long-term.",E007,E007 crossref 10.4018/979-8-3693-6522-9.ch021 https://doi.org/10.4018/979-8-3693-6522-9.ch021 | E027 crossref_doi 10.4018/979-8-3693-6522-9.ch021 https://doi.org/10.4018/979-8-3693-6522-9.ch021,directly_supported,T007;T038,E027
education_llm_survey,"Artificial Intelligence-Enabled Metaverse for Sustainable Smart Cities: Technologies, Applications, Challenges, and Future Directions",C001,"Prior work reports that Rapid urbanisation has intensified the need for sustainable solutions to address challenges in urban infrastructure, climate change, and resource constraints.",Green,Education,H001,False,"Metadata matches public record (title similarity 1.00). Abstract/snippet overlaps with claim terms: address, challenges, change, climate, constraints, has, infrastructure, intensified.",E020,E020 semantic_scholar 10.3390/electronics13244874 https://www.semanticscholar.org/paper/d7caccd6632a4cfc64371f25fe1e437c708cd572 | E033 crossref_doi 10.3390/electronics13244874 https://doi.org/10.3390/electronics13244874,directly_supported,T022;T033,E033
education_llm_survey,"ChatGPT Utility in Healthcare Education, Research, and Practice: Systematic Review on the Promising Perspectives and Valid Concerns",C002,Prior work reports that ChatGPT is an artificial intelligence (AI)-based conversational large language model (LLM).,Green,Education,H001,False,"Metadata matches public record (title similarity 1.00). Abstract/snippet overlaps with claim terms: artificial, chatgpt, conversational, intelligence, language, llm.",E021,E021 openalex 10.3390/healthcare11060887 https://doi.org/10.3390/healthcare11060887 | E034 crossref_doi 10.3390/healthcare11060887 https://doi.org/10.3390/healthcare11060887,directly_supported,T029;T034,E034
education_llm_survey,How do generative artificial intelligence (AI) tools and large language models (LLMs) influence language learners’ critical thinking in EFL education? A systematic review,C003,"Prior work reports that Abstract As generative artificial intelligence (AI) tools and large language models (LLMs)-powered applications develop rapidly in the era of algorithms, it should be integrated thoughtfully to enhance English as a Foreign Language (EFL) teaching and learning without replacing learners’ critical thinking (CT).",Green,Education,H002,False,"Metadata matches public record (title similarity 1.00). Abstract/snippet overlaps with claim terms: abstract, algorithms, applications, artificial, critical, develop, efl, english.",E002,E002 crossref 10.1186/s40561-025-00406-0 https://doi.org/10.1186/s40561-025-00406-0 | E035 crossref_doi 10.1186/s40561-025-00406-0 https://doi.org/10.1186/s40561-025-00406-0,directly_supported,T003;T035,E035
education_llm_survey,ChatGPT: Bullshit spewer or the end of traditional assessments in higher education?,C004,Prior work reports that ChatGPT is the world’s most advanced chatbot thus far.,Green,Education,H002,False,"Metadata matches public record (title similarity 1.00). Abstract/snippet overlaps with claim terms: advanced, chatbot, chatgpt, far, thus, world.",E022,E022 openalex 10.37074/jalt.2023.6.1.9 https://doi.org/10.37074/jalt.2023.6.1.9 | E036 crossref_doi 10.37074/jalt.2023.6.1.9 https://doi.org/10.37074/jalt.2023.6.1.9,directly_supported,T021;T036,E036
education_llm_survey,Experts' View on Challenges and Needs for Fairness in Artificial Intelligence for Education,C005,"Prior work reports that In recent years, there has been a stimulating discussion on how artificial intelligence (AI) can support the science and engineering of intelligent educational applications.",Green,Education,H003,False,"Metadata matches public record (title similarity 1.00). Abstract/snippet overlaps with claim terms: applications, artificial, been, discussion, educational, engineering, has, how.",E003,E003 arxiv http://arxiv.org/abs/2207.01490v1 http://arxiv.org/abs/2207.01490v1 | E037 crossref_title Experts' View on Challenges and Needs for Fairness in Artificial Intelligence for Education https://doi.org/10.1007/978-3-031-11644-5_20,directly_supported,T010;T037,E037
education_llm_survey,"Explainable Artificial Intelligence and Trust in Smart Applications: Definition, Evolution and Challenges",C006,"Prior work reports that Explainable Artificial Intelligence and Trust in Smart Applications: Definition, Evolution and Challenges",Yellow,Education,H003,True,"Metadata matches public record (title similarity 1.00). The citation exists, but no sufficiently detailed abstract/snippet is available for concrete support.",E004,E004 crossref 10.1007/978-3-031-97007-8_1 https://doi.org/10.1007/978-3-031-97007-8_1 | E038 crossref_doi 10.1007/978-3-031-97007-8_1 https://doi.org/10.1007/978-3-031-97007-8_1,reasonable_inference_or_uncertain,T007;T038,E038
education_gpt_surprise,The GPT Surprise: Offering Large Language Model Chat in a Massive Coding Class Reduced Engagement but Increased Adopters Exam Performances,C001,"Prior work reports that Large language models (LLMs) are quickly being adopted in a wide range of learning experiences, especially via ubiquitous and broadly accessible chat interfaces like ChatGPT and Copilot.",Green,Education / Social Science,H001,False,"Metadata matches public record (title similarity 1.00). Abstract/snippet overlaps with claim terms: accessible, adopted, being, broadly, chat, chatgpt, copilot, especially.",E002,E002 crossref 10.31219/osf.io/qy8zd https://doi.org/10.31219/osf.io/qy8zd | E032 crossref_doi 10.31219/osf.io/qy8zd https://doi.org/10.31219/osf.io/qy8zd,directly_supported,T003;T033,E032
education_gpt_surprise,Students-Centric Evaluation Survey for Exploring the Impact of LLMs on UML Modeling,C002,Prior work reports that Unified Modeling Language (UML) diagrams are essential tools for visualizing system structure and behavior in software design.,Green,Education / Social Science,H001,False,"Metadata matches public record (title similarity 1.00). Abstract/snippet overlaps with claim terms: behavior, design, diagrams, essential, language, modeling, software, structure.",E003,E003 crossref 10.20944/preprints202505.2054.v1 https://doi.org/10.20944/preprints202505.2054.v1 | E033 crossref_doi 10.20944/preprints202505.2054.v1 https://doi.org/10.20944/preprints202505.2054.v1,directly_supported,T015;T034,E033
education_gpt_surprise,Artificial intelligence takes center stage: exploring the capabilities and implications of ChatGPT and other AI‐assisted technologies in scientific research and education,C003,Prior work reports that The emergence of large language models (LLMs) and assisted artificial intelligence (AI) technologies have revolutionized the way in which we interact with technology.,Green,Education / Social Science,H002,False,"Metadata matches public record (title similarity 1.00). Abstract/snippet overlaps with claim terms: artificial, assisted, emergence, intelligence, interact, language, llms, prior.",E005,E005 openalex 10.1111/imcb.12689 https://doi.org/10.1111/imcb.12689 | E034 crossref_doi 10.1111/imcb.12689 https://doi.org/10.1111/imcb.12689,directly_supported,T016;T035,E034
education_gpt_surprise,The GPT Surprise: Offering Large Language Model Chat in a Massive Coding Class Reduced Engagement But May Increase Adopters' Exam Performances,C004,Prior work reports that The GPT Surprise: Offering Large Language Model Chat in a Massive Coding Class Reduced Engagement But May Increase Adopters' Exam Performances,Yellow,Education / Social Science,H002,True,"Metadata matches public record (title similarity 1.00). The citation exists, but no sufficiently detailed abstract/snippet is available for concrete support.",E004,E004 crossref 10.1145/3698205.3733960 https://doi.org/10.1145/3698205.3733960 | E035 crossref_doi 10.1145/3698205.3733960 https://doi.org/10.1145/3698205.3733960,reasonable_inference_or_uncertain,T003;T036,E035
education_gpt_surprise,ChatGPT as a Tool for Medical Education and Clinical Decision-Making on the Wards: Case Study,C005,Prior work reports that BACKGROUND: Large language models (LLMs) are computational artificial intelligence systems with advanced natural language processing capabilities that have recently been popularized among health care students and educators due to their ability to provide real-time access to a vast amount of medical knowledge.,Green,Education / Social Science,H003,False,"Metadata matches public record (title similarity 1.00). Abstract/snippet overlaps with claim terms: ability, access, advanced, amount, artificial, background, been, capabilities.",E016,E016 openalex 10.2196/51346 https://doi.org/10.2196/51346 | E036 crossref_doi 10.2196/51346 https://doi.org/10.2196/51346,directly_supported,T029;T037,E036
education_gpt_surprise,Diagnosis Coding: Why Services Are Provided (Online Exclusive),C006,Prior work reports that Invaluable information for physicians and hospitals from the ICD-9-CM manual including details of the principles of coding and instructions for selecting codes,Green,Education / Social Science,H003,False,"Metadata matches public record (title similarity 1.00). Abstract/snippet overlaps with claim terms: codes, coding, details, hospitals, icd-9-cm, including, information, instructions.",E006,E006 crossref 10.1542/pcco_book029_document005 https://doi.org/10.1542/pcco_book029_document005 | E037 crossref_doi 10.1542/pcco_book029_document005 https://doi.org/10.1542/pcco_book029_document005,directly_supported,T011;T038,E037
education_llm_harm_learning,The promise and challenges of generative AI in education,C001,"Prior work reports that Generative artificial intelligence (GenAI) tools, such as large language models (LLMs), generate natural language and other types of content to perform a wide range of tasks.",Red,Education / HCI,H001,True,"Year mismatch: cited 2024, public record 2025. Abstract/snippet overlaps with claim terms: artificial, content, genai, generate, generative, intelligence, language, llms.",E022,E022 openalex 10.1080/0144929x.2024.2394886 https://doi.org/10.1080/0144929x.2024.2394886 | E037 crossref_doi 10.1080/0144929x.2024.2394886 https://doi.org/10.1080/0144929x.2024.2394886,insufficient_or_unsupported,T029;T033,E037
education_llm_harm_learning,Large Language Model‐Based Chatbots in Higher Education,C002,Prior work reports that Large language models (LLMs) are artificial intelligence (AI) platforms capable of analyzing and mimicking natural language processing.,Red,Education / HCI,H001,True,"Year mismatch: cited 2024, public record 2025. Abstract/snippet overlaps with claim terms: analyzing, artificial, capable, intelligence, language, llms, mimicking, natural.",E023,E023 openalex 10.1002/aisy.202400429 https://doi.org/10.1002/aisy.202400429 | E038 crossref_doi 10.1002/aisy.202400429 https://doi.org/10.1002/aisy.202400429,insufficient_or_unsupported,T029;T034,E038
education_llm_harm_learning,"The Role of ChatGPT, Generative Language Models, and Artificial Intelligence in Medical Education: A Conversation With ChatGPT and a Call for Papers",C003,"Prior work reports that ChatGPT is a generative language model tool launched by OpenAI on November 30, 2022, enabling the public to converse with a machine on a broad range of topics.",Green,Education / HCI,H002,False,"Metadata matches public record (title similarity 1.00). Abstract/snippet overlaps with claim terms: broad, chatgpt, converse, enabling, generative, language, launched, machine.",E002,E002 openalex 10.2196/46885 https://doi.org/10.2196/46885 | E039 crossref_doi 10.2196/46885 https://doi.org/10.2196/46885,directly_supported,T004;T035,E039
education_llm_harm_learning,Medical education empowered by generative artificial intelligence large language models.,C004,"Prior work reports that Generative artificial intelligence (GAI) large language models (LLMs), like ChatGPT, have become the world's fastest growing applications.",Green,Education / HCI,H002,False,"Metadata matches public record (title similarity 1.00). Abstract/snippet overlaps with claim terms: applications, artificial, become, chatgpt, fastest, gai, generative, growing.",E003,E003 semantic_scholar 10.1016/j.molmed.2023.08.012 https://www.semanticscholar.org/paper/42cb890415c8da4c3cccc9670cb1557b966b484d | E040 crossref_doi 10.1016/j.molmed.2023.08.012 https://doi.org/10.1016/j.molmed.2023.08.012,directly_supported,T005;T036,E040
education_llm_harm_learning,Integrating Large Language Models into Accessible and Inclusive Education: Access Democratization and Individualized Learning Enhancement Supported by Generative Artificial Intelligence,C005,"Prior work reports that This study explores the integration of large language models (LLMs) into educational environments, emphasizing enhanced accessibility, inclusivity, and individualized learning experiences.",Green,Education / HCI,H003,False,"Metadata matches public record (title similarity 1.00). Abstract/snippet overlaps with claim terms: accessibility, educational, emphasizing, enhanced, environments, experiences, explores, inclusivity.",E004,E004 crossref 10.3390/info16060473 https://doi.org/10.3390/info16060473 | E041 crossref_doi 10.3390/info16060473 https://doi.org/10.3390/info16060473,directly_supported,T015;T037,E041
education_llm_harm_learning,"Evidence-based potential of generative artificial intelligence large language models in orthodontics: a comparative study of ChatGPT, Google Bard, and Microsoft Bing",C006,"Prior work reports that Summary Background The increasing utilization of large language models (LLMs) in Generative Artificial Intelligence across various medical and dental fields, and specifically orthodontics, raises questions about their accuracy.",Red,Education / HCI,H003,True,"Year mismatch: cited 2024, public record 2025. Abstract/snippet overlaps with claim terms: accuracy, artificial, background, dental, fields, generative, increasing, intelligence.",E005,E005 semantic_scholar 10.1093/ejo/cjae017 https://www.semanticscholar.org/paper/343fb87c28d2040560b03783966638315c09334f | E042 crossref_doi 10.1093/ejo/cjae017 https://doi.org/10.1093/ejo/cjae017,insufficient_or_unsupported,T005;T038,E042
optimization_adam,On Convergence of Adam for Stochastic Optimization under Relaxed Assumptions,C001,Prior work reports that On Convergence of Adam for Stochastic Optimization under Relaxed Assumptions,Yellow,Optimization / ML,H001,True,"Metadata matches public record (title similarity 1.00). The citation exists, but no sufficiently detailed abstract/snippet is available for concrete support.",E002,E002 crossref 10.52202/079017-0346 https://doi.org/10.52202/079017-0346 | E035 crossref_doi 10.52202/079017-0346 https://doi.org/10.52202/079017-0346,reasonable_inference_or_uncertain,T003;T033,E035
optimization_adam,Convergence and Dynamical Behavior of the ADAM Algorithm for Nonconvex Stochastic Optimization,C002,Prior work reports that Convergence and Dynamical Behavior of the ADAM Algorithm for Nonconvex Stochastic Optimization,Yellow,Optimization / ML,H001,True,"Metadata matches public record (title similarity 1.00). The citation exists, but no sufficiently detailed abstract/snippet is available for concrete support.",E003,E003 crossref 10.1137/19m1263443 https://doi.org/10.1137/19m1263443 | E036 crossref_doi 10.1137/19m1263443 https://doi.org/10.1137/19m1263443,reasonable_inference_or_uncertain,T003;T034,E036
optimization_adam,Accelerated Driving-Training-Based Optimization for Solving Constrained Bi-Objective Stochastic Optimization Problems,C003,Prior work reports that The constrained bi-objective stochastic optimization problem (CBSOP) considers the optimization problem with stochastic bi-objective functions subject to deterministic constraints.,Green,Optimization / ML,H002,False,"Metadata matches public record (title similarity 1.00). Abstract/snippet overlaps with claim terms: bi-objective, cbsop, considers, constrained, constraints, deterministic, functions, optimization.",E004,E004 crossref 10.3390/math12121863 https://doi.org/10.3390/math12121863 | E037 crossref_doi 10.3390/math12121863 https://doi.org/10.3390/math12121863,directly_supported,T007;T035,E037
optimization_adam,An accelerate Prediction Strategy for Dynamic Multi-Objective Optimization,C004,Prior work reports that This paper addresses the challenge of dynamic multi-objective optimization problems (DMOPs) by introducing novel approaches for accelerating prediction strategies within the evolutionary algorithm framework.,Red,Optimization / ML,H002,True,"Year mismatch: cited 2024, public record 2025. Abstract/snippet overlaps with claim terms: accelerating, addresses, algorithm, approaches, challenge, dmops, dynamic, evolutionary.",E005,E005 arxiv http://arxiv.org/abs/2410.05787v2 http://arxiv.org/abs/2410.05787v2 | E038 crossref_title An accelerate Prediction Strategy for Dynamic Multi-Objective Optimization https://doi.org/10.1109/tevc.2025.3551323/mm1,insufficient_or_unsupported,T010;T036,E038
optimization_adam,On the solution existence and stability of polynomial optimization problems,C005,Prior work reports that This paper introduces and investigates a regularity condition in the asymptotic sense for optimization problems whose objective functions are polynomial.,Red,Optimization / ML,H003,True,"Year mismatch: cited 2018, public record 2022. Abstract/snippet overlaps with claim terms: asymptotic, condition, functions, introduces, investigates, objective, optimization, polynomial.",E006,E006 arxiv http://arxiv.org/abs/1808.06100v6 http://arxiv.org/abs/1808.06100v6 | E039 crossref_title On the solution existence and stability of polynomial optimization problems https://doi.org/10.1007/s11590-021-01788-z,insufficient_or_unsupported,T010;T037,E039
optimization_adam,"Stochastic (Approximate) Proximal Point Methods: Convergence, Optimality, and Adaptivity",C006,"Prior work reports that We develop model-based methods for solving stochastic convex optimization problems, introducing the approximate-proximal point, or aProx, family, which includes stochastic subgradient, proximal point, and bundle methods.",Red,Optimization / ML,H003,True,"Year mismatch: cited 2018, public record 2019. Abstract/snippet overlaps with claim terms: approximate-proximal, aprox, bundle, convex, develop, family, includes, introducing.",E007,"E007 arxiv http://arxiv.org/abs/1810.05633v2 http://arxiv.org/abs/1810.05633v2 | E040 crossref_title Stochastic (Approximate) Proximal Point Methods: Convergence, Optimality, and Adaptivity https://doi.org/10.1137/18m1230323",insufficient_or_unsupported,T018;T038,E040
existing_finance_evomarket,Integrating LLM in Agent-Based Social Simulation: Opportunities and Challenges,C001,"Prior work reports that This position paper examines the use of Large Language Models (LLMs) in social simulation, analyzing their potential and limitations from a computational social science perspective.",Green,Finance / Simulation,H001,False,"Metadata matches public record (title similarity 1.00). Abstract/snippet overlaps with claim terms: analyzing, computational, examines, language, limitations, llms, perspective, position.",E002,E002 semantic_scholar 10.48550/arXiv.2507.19364 https://www.semanticscholar.org/paper/363636e14d23fefba385847824e0c7719de180c3 | E032 openalex_title 10.48550/arXiv.2507.19364 http://arxiv.org/abs/2507.19364,directly_supported,T017;T033,E032
existing_finance_evomarket,Multi-agent modeling and simulation of a stock market,C002,Prior work reports that The stock market represents complex systems where multiple agents interact.,Green,Finance / Simulation,H001,False,"Metadata matches public record (title similarity 1.00). Abstract/snippet overlaps with claim terms: agents, complex, interact, market, multiple, represents, stock, systems.",E003,E003 crossref 10.21511/imfi.15(4).2018.10 https://doi.org/10.21511/imfi.15(4).2018.10 | E033 crossref_doi 10.21511/imfi.15(4).2018.10 https://doi.org/10.21511/imfi.15(4).2018.10,directly_supported,T003;T034,E033
existing_finance_evomarket,EvoMarket: A High-Fidelity and Scalable Financial Market Simulator,C003,"Prior work reports that High-fidelity, scalable market simulation is a key instrument for mechanism evaluation, stress testing, and counterfactual policy analysis.",Green,Finance / Simulation,H002,False,"Metadata matches public record (title similarity 1.00). Abstract/snippet overlaps with claim terms: counterfactual, evaluation, high-fidelity, instrument, key, market, mechanism, policy.",E004,E004 openalex https://arxiv.org/abs/2604.18046 https://arxiv.org/abs/2604.18046 | E034 openalex_title EvoMarket: A High-Fidelity and Scalable Financial Market Simulator https://arxiv.org/abs/2604.18046,directly_supported,T004;T035,E034
existing_finance_evomarket,DEPLOYERS: An agent based modeling tool for multi country real world data,C004,"Prior work reports that We present recent progress in the design and development of DEPLOYERS, an agent-based macroeconomics modeling (ABM) framework, capable to deploy and simulate a full economic system (individual workers, goods and services firms, government, central and private banks, financial market, external sectors) whose structure and activity analysis reproduce the desired calibration data, that can be, for example a Social Accounting Matrix (SAM) or a Supply",Green,Finance / Simulation,H002,False,"Metadata matches public record (title similarity 1.00). Abstract/snippet overlaps with claim terms: abm, accounting, activity, agent-based, banks, calibration, capable, central.",E005,E005 semantic_scholar https://www.semanticscholar.org/paper/2cf135b05692fd7a0d7b6f02acf094e877d8bea9 https://www.semanticscholar.org/paper/2cf135b05692fd7a0d7b6f02acf094e877d8bea9 | E035 openalex_title DEPLOYERS: An agent based modeling tool for multi country real world data http://arxiv.org/abs/2409.04876,directly_supported,T017;T036,E035
existing_finance_evomarket,Alleviating Nonidentifiability: A High-Fidelity Calibration Objective for Financial Market Simulation With Multivariate Time Series Data,C005,"Prior work reports that The nonidentifiability (NI) issue has been frequently reported in social simulation works, where different parameters of an agent-based simulation model yield indistinguishable simulated time series data under certain discrepancy metrics.",Red,Finance / Simulation,H003,True,"Year mismatch: cited 2024, public record 2025. Abstract/snippet overlaps with claim terms: agent-based, been, certain, different, discrepancy, frequently, has, indistinguishable.",E006,E006 semantic_scholar 10.1109/TCSS.2025.3574236 https://www.semanticscholar.org/paper/47cd816614f4564c26b1aeb7936177da82547813 | E036 crossref_doi 10.1109/TCSS.2025.3574236 https://doi.org/10.1109/tcss.2025.3574236,insufficient_or_unsupported,T009;T037,E036
existing_finance_evomarket,Competitive dynamics in a multi-sided mobile payment platform market: an agent-based modeling perspective,C006,Prior work reports that PurposeThe purpose of this research is to develop a comprehensive model to better understand competitive dynamics between mobile payment providers in a multi-sided market featuring customers and merchants.,Green,Finance / Simulation,H003,False,"Metadata matches public record (title similarity 1.00). Abstract/snippet overlaps with claim terms: better, competitive, comprehensive, customers, develop, dynamics, featuring, market.",E007,E007 semantic_scholar 10.1108/ijbm-11-2023-0610 https://www.semanticscholar.org/paper/95bdc53a860341d49d680dd0a630f0ca7ebee046 | E037 crossref_doi 10.1108/ijbm-11-2023-0610 https://doi.org/10.1108/ijbm-11-2023-0610,directly_supported,T009;T038,E037
boundary_bad_citation,Cases of citation,C001,Prior work reports that the paper titled 'Cases of citation' is relevant to the retrieved topic.,Yellow,Boundary Case,H001,True,"Metadata matches public record (title similarity 1.00). The citation exists, but no sufficiently detailed abstract/snippet is available for concrete support.",E002,E002 crossref 10.7765/9781526173195.00008 https://doi.org/10.7765/9781526173195.00008 | E032 crossref_doi 10.7765/9781526173195.00008 https://doi.org/10.7765/9781526173195.00008,reasonable_inference_or_uncertain,T007;T033,E032
boundary_bad_citation,iTunes and citation metadata.,C002,Prior work reports that Stumbled across a really nice paper (Why can't I manage academic papers like MP3s?) while reading commentary on Tim O'Reilley's post about FreeBase.,Green,Boundary Case,H001,False,"Metadata matches public record (title similarity 1.00). Abstract/snippet overlaps with claim terms: academic, commentary, freebase, like, manage, mp3s, nice, papers.",E018,E018 crossref 10.59350/1jren-qwn76 https://doi.org/10.59350/1jren-qwn76 | E033 crossref_doi 10.59350/1jren-qwn76 https://doi.org/10.59350/1jren-qwn76,directly_supported,T028;T034,E033
boundary_bad_citation,iTunes and citation metadata.,C003,Prior work reports that Stumbled across a really nice paper (Why can't I manage academic papers like MP3s?) while reading commentary on Tim O'Reilley's post about FreeBase.,Green,Boundary Case,H002,False,"Metadata matches public record (title similarity 1.00). Abstract/snippet overlaps with claim terms: academic, commentary, freebase, like, manage, mp3s, nice, papers.",E019,E019 crossref 10.59350/sqf4z-mmp59 https://doi.org/10.59350/sqf4z-mmp59 | E034 crossref_doi 10.59350/sqf4z-mmp59 https://doi.org/10.59350/sqf4z-mmp59,directly_supported,T028;T035,E034
boundary_bad_citation,Virtual Communities as Contributors for Digital Objects Metadata Generation,C004,Prior work reports that Description of online digital content is currently extremely necessary to facilitate a diverse amount of resource sharing over the internet.,Green,Boundary Case,H002,False,"Metadata matches public record (title similarity 1.00). Abstract/snippet overlaps with claim terms: amount, content, currently, description, digital, diverse, extremely, facilitate.",E020,E020 crossref 10.4018/978-1-4666-0312-7.ch004 https://doi.org/10.4018/978-1-4666-0312-7.ch004 | E035 crossref_doi 10.4018/978-1-4666-0312-7.ch004 https://doi.org/10.4018/978-1-4666-0312-7.ch004,directly_supported,T024;T036,E035
boundary_bad_citation,Cross-Model Memorization Thresholds in Citation Generation: Evidence from Field-Level Cloze on Bibliographic Records,C005,"Prior work reports that Abstract Large language models (LLMs) reproduce some bibliographic records verbatim while fabricating others, with reproduction probability scaling in pretraining frequency and citation count as the standard proxy.",Green,Boundary Case,H003,False,"Metadata matches public record (title similarity 1.00). Abstract/snippet overlaps with claim terms: abstract, bibliographic, citation, count, fabricating, frequency, language, llms.",E003,E003 crossref 10.21203/rs.3.rs-9733633/v1 https://doi.org/10.21203/rs.3.rs-9733633/v1 | E036 crossref_doi 10.21203/rs.3.rs-9733633/v1 https://doi.org/10.21203/rs.3.rs-9733633/v1,directly_supported,T003;T037,E036
boundary_bad_citation,Literature Meets Data: A Synergistic Approach to Hypothesis Generation,C006,"Prior work reports that AI holds promise for transforming scientific processes, including hypothesis generation.",Red,Boundary Case,H003,True,"Year mismatch: cited 2024, public record 2025. Abstract/snippet overlaps with claim terms: generation, holds, hypothesis, including, prior, processes, promise, scientific.",E021,E021 arxiv http://arxiv.org/abs/2410.17309v3 http://arxiv.org/abs/2410.17309v3 | E037 crossref_title Literature Meets Data: A Synergistic Approach to Hypothesis Generation https://doi.org/10.18653/v1/2025.acl-long.12,insufficient_or_unsupported,T023;T038,E037
boundary_bad_citation,Clearly Nonexistent Citation Verification Paper for Boundary Demo,C007,Boundary-case claim: this deliberately invalid citation is included to demonstrate Red labeling when a cited work cannot be found.,Red,Boundary Case,H_BOUNDARY,True,Invalid DOI format: INTENTIONALLY_INVALID_DOI_FOR_DEMO,,E038 doi_format_check INTENTIONALLY_INVALID_DOI_FOR_DEMO,insufficient_or_unsupported,T039,E038
neuroscience_deeplabcut,"Quantitative Systems Pharmacology for Neuroscience Drug Discovery and Development: Current Status, Opportunities, and Challenges",C001,Prior work reports that The substantial progress made in the basic sciences of the brain has yet to be adequately translated to successful clinical therapeutics to treat central nervous system (CNS) diseases.,Red,Neuroscience / Behavior,H001,True,"Year mismatch: cited 2019, public record 2020. Abstract/snippet overlaps with claim terms: adequately, basic, brain, central, clinical, cns, diseases, has.",E022,E022 openalex 10.1002/psp4.12478 https://doi.org/10.1002/psp4.12478 | E038 crossref_doi 10.1002/psp4.12478 https://doi.org/10.1002/psp4.12478,insufficient_or_unsupported,T025;T033,E038
neuroscience_deeplabcut,"Pupil-DLC: an open-source deep learning pipeline for scalable, markerless tracking of pupil dynamics across conscious and unconscious states",C002,"Prior work reports that Abstract Pupil diameter provides a powerful, non-invasive biomarker of brain state, correlating with arousal, attention, cognitive processing, and level of consciousness.",Green,Neuroscience / Behavior,H001,False,"Metadata matches public record (title similarity 1.00). Abstract/snippet overlaps with claim terms: abstract, arousal, attention, biomarker, brain, cognitive, consciousness, correlating.",E002,E002 crossref 10.64898/2026.01.18.700183 https://doi.org/10.64898/2026.01.18.700183 | E039 crossref_doi 10.64898/2026.01.18.700183 https://doi.org/10.64898/2026.01.18.700183,directly_supported,T003;T034,E039
neuroscience_deeplabcut,Real-time markerless video tracking of body parts in mice using deep neural networks,C003,"Prior work reports that ABSTRACT Markerless and accurate tracking of mouse movement is of interest to many biomedical, pharmaceutical, and behavioral science applications.",Green,Neuroscience / Behavior,H002,False,"Metadata matches public record (title similarity 1.00). Abstract/snippet overlaps with claim terms: abstract, accurate, applications, behavioral, biomedical, interest, markerless, mouse.",E003,E003 crossref 10.1101/482349 https://doi.org/10.1101/482349 | E040 crossref_doi 10.1101/482349 https://doi.org/10.1101/482349,directly_supported,T003;T035,E040
neuroscience_deeplabcut,Identités numériques sur facebook : idiolectes et postures en question,C004,"Prior work reports that Dans cette contribution, je m’applique à décrire un profil Facebook particulier à partir de mon expérience de terrain ethnographique des réseaux sociaux et selon des critères socio-énonciatifs.",Green,Neuroscience / Behavior,H002,False,"Metadata matches public record (title similarity 1.00). Abstract/snippet overlaps with claim terms: applique, cette, contribution, crire, crit, dans, des, ethnographique.",E004,E004 crossref 10.4000/corela.12517 https://doi.org/10.4000/corela.12517 | E041 crossref_doi 10.4000/corela.12517 https://doi.org/10.4000/corela.12517,directly_supported,T011;T036,E041
neuroscience_deeplabcut,Dana-Farber/Harvard Cancer Center,C005,Prior work reports that Dana-Farber/Harvard Cancer Center,Yellow,Neuroscience / Behavior,H003,True,"Metadata matches public record (title similarity 1.00). The citation exists, but no sufficiently detailed abstract/snippet is available for concrete support.",E023,E023 crossref 10.32388/m0n6zf https://doi.org/10.32388/m0n6zf | E042 crossref_doi 10.32388/m0n6zf https://doi.org/10.32388/m0n6zf,reasonable_inference_or_uncertain,T020;T037,E042
neuroscience_deeplabcut,The Modern Mathematics of Deep Learning,C006,Prior work reports that We describe the new field of mathematical analysis of deep learning.,Red,Neuroscience / Behavior,H003,True,"Year mismatch: cited 2021, public record 2022. Abstract/snippet overlaps with claim terms: deep, describe, field, learning, mathematical, new.",E005,E005 arxiv http://arxiv.org/abs/2105.04026v2 http://arxiv.org/abs/2105.04026v2 | E043 crossref_title The Modern Mathematics of Deep Learning https://doi.org/10.1017/9781009025096.002,insufficient_or_unsupported,T006;T038,E043
